sequence,label
GLLKR,1
TPPQS,1
RFWWF,1
RDDFR,1
FYPFG,1
FRLHF,1
RKKWFW,1
TWWRWW,1
KWRWIW,1
KWWWRW,1
WRWFIH,1
TVYTQA,1
TVYTNA,1
TVVTQA,1
TVVTNA,1
KWKWKW,1
RWRWRW,1
RKTWFW,1
RKWHFW,1
RKWLFW,1
GLLKRI,1
YAGFLR,1
WRWRWR,1
WKWKWK,1
WLLVNG,1
VDDDDK,1
RWQWRM,1
RRWWCL,1
RRWWCH,1
RRWWRF,1
RRWWCA,1
RRWWCE,1
RRWWCI,1
RRWWCK,1
RRWWCG,1
RRRWWW,1
RRWWCD,1
RRWWCF,1
RRWWCP,1
RRWWCS,1
RRWWCY,1
RRWWCN,1
RRWWCM,1
RRWWCW,1
RRWWCQ,1
RRWWCC,1
RRWWCT,1
RRWWCV,1
YQCGQGG,1
VISIIPV,1
LLDVLLE,1
FPWWWPF,1
LKLLKKL,1
GLLKRIK,1
YRKKWFW,1
YPLPFIP,1
WRKKWFW,1
TRKKWFW,1
RVMFKWA,1
RRIRPRP,1
RRKKWFW,1
QRKKWFW,1
PFKISIH,1
PFKLSLH,1
PKKKRKV,1
PIPFPPY,1
MRTGNAD,1
LRWLRRL,1
LRKKWFW,1
LRLLRRL,1
LRWLRWG,1
LKFLKFG,1
LKWLKWG,1
LKWLKKL,1
VRPYLVAF,1
PFKISIHL,1
PFKLSLHL,1
FFFLSRIF,1
TGVAWRIT,1
KIWVIRWR,1
RIWVIRWR,1
RIWVIWRR,1
RRWVIWRR,1
WFRKQLKW,1
ENCGRQAG,1
KWKWKWKW,1
RWRWRWRW,1
GLLKRIKT,1
IIRKIIRK,1
IRIKIRIK,1
WWWLKRIW,1
WRWKWRWK,1
WWWLRRIW,1
WWWLKKIW,1
WWWLRKIW,1
VRVKVRVK,1
VRLRIRVA,1
VKYPKLYP,1
TPFKISIH,1
TPFKLSLH,1
TCSYTMEA,1
RYPAVGYT,1
RRWYRWWR,1
RRRFWWFR,1
RKLKHMRF,1
RLYRKVYG,1
RLYRRLYR,1
GVCDMADLA,1
TPFKISIHL,1
DEKGPKWKR,1
RCICVLGIC,1
RSELIVHQR,1
FFLSRIFGK,1
TPFKLSLHL,1
EPFKISIHL,1
RCLCRRGVC,1
RCICTRGFC,1
RCVCTRGFC,1
RCVCRRGVC,1
RCICLLGIC,1
RCFCRRGVC,1
GLLKRIKTL,1
FLKLLKKLL,1
FLGLLGSLL,1
YRWARWWRR,1
YRLRVKWKW,1
YKWKIRFKR,1
YKFRWRIYI,1
WVLVLRLGY,1
WRKFWKYLK,1
WRWRVRVWR,1
WKIVFWWRR,1
WKWRVRVTI,1
WFKMRWWGR,1
WKWLKKWIK,1
WALRLYLVY,1
VGRIHRHLK,1
SVAGRAQGM,1
RWWIRIRWH,1
RWWRWRKWW,1
RWWRKIWKW,1
RWRWWWRVY,1
RWKRWWRWI,1
RWKRWWRLL,1
RWKKWWRWL,1
RWRRKWwWW,1
RRYHWRIYI,1
RRRWWKLMM,1
RRRRRRRRR,1
RRWQWRMKK,1
RTKKWIVWI,1
RRWWKWWWR,1
RRWRVIVKW,1
RRWWRWVVW,1
RRRIKIRWY,1
RQRRVVIWW,1
RQWQSKIRR,1
RKRWWWWFR,1
RLWWKIWLK,1
RLYLRIGRR,1
RLWLAIKRR,1
RKWVWWRNR,1
RLWLAWKRR,1
RLKRWWKFL,1
RLWKRWWIR,1
RLYRRLYRK,1
RKWKIKWYW,1
RPPGFSPFR,1
RLKLLLRLK,1
RLWWWWRRK,1
RLRLRIGRR,1
RLLLRIGRR,1
RGRKSSRRK,1
RIWKRWWFR,1
RIWKIWWKR,1
RIRRWKFRW,1
RKFRWWVIR,1
RIKRWWWWR,1
REISAKKSR,1
REISAKKSD,1
PFWRIRIRR,1
NWRKLYRRK,1
NIQPPCRCC,1
NGKRVCVCR,1
MLKKFRGMF,1
LRRWIRIRW,1
LRFILWWKR,1
KTCENLADTY,1
SNDIYFNFQR,1
KTCENLADDY,1
DNGEAGRAAR,1
KQTENLADTY,1
DDFLCAGGCL,1
EQCREEEDDR,1
MCTHPLDCSN,1
ERPPGFSPFR,1
HKTDSFVGLM,1
FFPIVGKLLS,1
IIIQYEGHKH,1
GDGTGPGPGP,1
SRSELIVHQR,1
GLLKRIKTLL,1
EKYTEVPEYV,1
EKYTEIPEYV,1
EKYTEAPEYV,1
EKYTEVPEYI,1
EKYTEAPEYI,1
VKLFPVKLFP,1
KWKWKWKWKW,1
RWRWRWRWRW,1
RFPWWWPFLR,1
LKKLLKKLKK,1
GLTRLFSVIK,1
GLLKFIKKLL,1
KLLKFIKKLL,1
RLLKFIKKLL,1
WWVAARAARR,1
YPVKLYPVKL,1
YCNGKRVCVC,1
WMLKKFRGMF,1
WKLLSKAQEK,1
VHLRCKAAFC,1
VKLYPVKLYP,1
SRWRWKSSKK,1
RWRLLLLKKH,1
RWKRWWRRKK,1
RRRFWWFRRR,1
RKKRWWRRKK,1
RLKLLLLRLK,1
RGRKVVRRKK,1
RIIRKIIHII,1
RGRKSSRRKK,1
RGRKYYRRKK,1
RFCFKGTPCG,1
PRPLPFPRPG,1
LRQSQFVGSR,1
LSPAAMASLA,1
LRPAILVRTK,1
LSPNLLKSLL,1
LSPAVMASLA,1
LRPAILVRIK,1
LKVVFKVLFK,1
LDPKVVQSLL,1
KWRRKLKKLR,1
KTKKKFLKKT,1
KTSPDVEYHK,1
KKVVFKVKFH,1
KKVVFKFKFK,1
KLLKWWKKLL,1
FCTMIPIPRCY,1
RVCYAIPLPIC,1
SLLSLIRKLIT,1
RPKPQQFFGLM,1
LMCTHPLDCSN,1
LYKLVKVVLNM,1
RIKRFWPVVIR,1
RPKPQQWFWLM,1
YKLFKKILKVL,1
YCNGKRVCVCR,1
WLWKAIWKLLT,1
WKLFKKILKFL,1
WKLFKKILKWL,1
WIKRLNSWLRK,1
WKLFKKILKYL,1
WFWKWWRRRRR,1
WKLFKKILKVL,1
WLWKAIWKLLK,1
WKLFKKILKKL,1
VSGPAGPPGTH,1
VKKYPKVKLYP,1
VKLKYPVKLYP,1
VKEEVKFSKKW,1
VKLYPKVKLYP,1
TESYFVFSVGM,1
SLLSLIRKLLT,1
SLLSLIRLLIT,1
SLLSLLRKLIT,1
RSLCLLHCRLK,1
RRLFRRILRWL,1
RRIIRKIIHII,1
RPKPRPRPRPE,1
RLKLLLLLRLK,1
RLWRRWRRWLR,1
RIIRKIIHIIK,1
RFPKLMMKLLV,1
RFPGLMMKLLV,1
QQRFEWEFEQQ,1
PVGRVHRLLRK,1
NNCKHKKGSGC,1
MARVLLRLIRL,1
LRPAVIRPKGK,1
LRPAFIRPKGK,1
LLPPWLRPRNG,1
LLKWLLKWLKK,1
LKLFKKILKVL,1
LKIAKGIIKSL,1
KWLRRVWRWWR,1
KVVFKVKFKKK,1
KVFKRLEKLFS,1
KLWKLWKKWLK,1
KLWKKWKKWLK,1
KRAKKFFKKLK,1
KPLLKKLLKKL,1
KRHHGYKRKFH,1
KLVKTWLKVLK,1
KLVKTQLKVLK,1
KLLKKPLKLKL,1
KKVVFKVKFKK,1
KKPKLPWKPKK,1
AERVGAGAPVYL,1
RVCFAIPLPICH,1
RVCYAIPLPICY,1
GLLSGTSVRGST,1
HPLKQYWWRPSI,1
KFHEKHHSHRGY,1
GLLSGTSVRGSI,1
GIHDILKYGKPS,1
ILGIITSLLKSL,1
LNWGAILKHIIK,1
SRSELIVHQRRC,1
SRSELIVHQRMK,1
SRSELIVHQRLF,1
GLARIVVIRVAR,1
RGARIVVIRVAR,1
RRARIVVIRVAR,1
RLRRIVVIRVAR,1
RLWRIVVIRVAR,1
RLARRVVIRVAR,1
RLARIVKIRVAR,1
RLARIVVIRWAR,1
RLARIVVIRVRR,1
RLARIVVIRVAG,1
RLRRIVVIRVRR,1
RRWRIVVIRVRR,1
RRWKIVVIRWRR,1
RWWKIWVIRWWR,1
RLARIVVIRVAR,1
YCNRRTGKCQRM,1
RAVAVIIRLRRV,1
RRAAVVLIVIRR,1
VRLRIRVAVIRA,1
VRFRIRVAVIRA,1
VRWRIRVAVIRA,1
VRLWIRVAVIRA,1
VRLRIRVAVRRA,1
VRLRIRVAVIRK,1
VQLRIRVRVIRK,1
VRLRIRVRVIRK,1
KQFRIRVRVIRK,1
KRFRIRVRVIRK,1
KRWRIRVRVIRK,1
RIKRFWPVVIRT,1
GVSGHGQHGVHG,1
LKKLLKKLKKLL,1
RLKKIGKVLKWI,1
KLLKHKLLVTLA,1
IRVKIRVKIRVK,1
YPLKVKYPKLKV,1
YPELQQDLIARL,1
YPVKLKYPKVKL,1
YKRKFHEKHHSH,1
YGRKKRRQRRRD,1
WKLLSKAQEKFG,1
VRVKVRVKVRVK,1
VKLKYPKVKLYP,1
VIRRRRILAAVV,1
TLLKKVLKAAAK,1
RVCSAIPLPICH,1
RVCMAIPLPLCH,1
RRGWALRLVLAY,1
RRIIRKIIHIIK,1
RLWRIVVIRVKR,1
RMKLNAKKLSFC,1
RKKRLKLLKRLV,1
RLARIVPIRVAR,1
RLRRIVVIRVFR,1
RKRAARLLKRLV,1
RKRFARFAKRAV,1
RCYCRRRFCVCR,1
RCYARRRFAVCR,1
RAYCRRRFCVAR,1
PRPRPLPFPRPG,1
NLWAGILKHIIK,1
MKLVKTWLKVLK,1
LYENKPRRPYIL,1
LNWGALLKHLLK,1
LNWKAILKHIIK,1
LRALAKALKHKL,1
LNWGAVLKHVVK,1
LRPAVIVRTKAL,1
LRFLKKILKHLF,1
LNWGKILKHIIK,1
LRRLLRRLLRRL,1
LNWGAWLKHWWK,1
LLIRAAKKFIKK,1
LNWGAILKHKIK,1
LLRRLLRRLLRR,1
LNWGAGLKHGGK,1
LNWGAILKHIKK,1
LNWGAFLKHFFK,1
LLKKLLKKLLKK,1
LNKGAILKHIIK,1
LNWGAALKHAAK,1
LLPIVGKLLSGL,1
LLIKFLKRFIKH,1
LNWGAIKKHIIK,1
LLIAAFKKLVKK,1
LLKKLLKLLLKL,1
LNWGAILKKIIK,1
LLPIVGNLLKSL,1
LNWGAKLKHIIK,1
LLKKLLKKLLKL,1
LKKLLKKLLKKL,1
LKALRKALKHLA,1
LKWGAILKHIIK,1
LCYTRPRFTVCV,1
KVVVKWVVKVVK,1
KWKKKKKKPKFL,1
KRRWPWWPWRLI,1
KNWKAILKHIIK,1
KNWGKILKHIIK,1
KRIVQRIKDFLR,1
KRIVKLILKWLR,1
KMWSKILGHLIR,1
KNWGAILKHIIK,1
KLKKKLKKLLKK,1
KLLLKWLLKLLK,1
KKVVFKVKFKKK,1
KKVIIEYVKIEA,1
KLKKLLKKLLKK,1
KLLLKLLLKLLK,1
KLKKLLKKLLKL,1
KKKVVFKVKFKK,1
KHVGKAALTHYL,1
KKKAARALKRAL,1
KGGGKWGGKGGK,1
KAAAKWAAKAAK,1
IRIKIRIKIRIK,1
IPHAVKAISDLI,1
ISLEICAIFHDN,1
ILRRVRVRAVAI,1
ILPILSLIGGLL,1
ILPIRSLIKKLL,1
ILPILGNLLNGL,1
INWKGIAAMKKL,1
ILRWPWWPWRRK,1
ILPILGNLLNSL,1
ILGTILGLLKGL,1
IKKIVSKIKKLL,1
ILGKIWKIKKLF,1
ILGTILGLLKSL,1
IKKILSKIKKLL,1
IFGAIWKGISSL,1
IATSPYYACNCP,1
HKKHKKHKKHKK,1
HHGYKRKFHEKH,1
HQFRFRFRVRRK,1
GMWSKLLGHLLR,1
FLPIIAKLLGGLL,1
FLPIPRPILLGLL,1
FLIIRRPIVLGLL,1
INWKGIAAMKKLL,1
FLPIVGKLLSGLL,1
LLPIVGKLLSGLL,1
VRRFPWWWPFLRR,1
LLPIVGNLLKSLL,1
FLPFLASLLSKVL,1
FMPILSCSRFKRC,1
FLPILGKLLSGIL,1
FLSGIVGMLGKLF,1
FLPIVTNLLSGLL,1
FLSHIAGFLSNLF,1
FLPIIGKLLSGLL,1
SYSMEHFRWGKPV,1
FLPLIGKILGTIL,1
FLPIIGQLLSGLL,1
ILPILGNLLNGLL,1
ILPILGNLLNSLL,1
IPPFIKKVLTTVF,1
FLPIVGRLISGIL,1
TSRCIFYRRKKCS,1
FFPIVGKLLSGLL,1
FFPIVGKLLFGLL,1
IFGAIWNGIKSLF,1
IFGAIWKGISSLL,1
FLSTIWNGIKSLL,1
FLGGLLASLLGKI,1
YPELQQDLIARLL,1
FFPIVGKRLYGLL,1
IFGAIAGLLKNIF,1
FLGGILNTITGLL,1
FMPIIGRLMSGSL,1
FLSSIGKILGNLL,1
SAIWFWMTPQSPK,1
MYDESTGYSSALK,1
RKFHEKHHSHRGY,1
ILPFLAGLFSKIL,1
FVPWFSKFLPRIL,1
GFGMALKLLKKVL,1
FVPWFSKFLKRIL,1
FVPWFSKFLWRIL,1
FLRALWNVAKSVF,1
FLGALWRVAKSVF,1
FLGALWNVAKRVF,1
GLGALWNVAKSVF,1
FLGALWNPAKSVF,1
FLGALWNVLKSVF,1
FLGALWNVFKSVF,1
FLGALWNVAKSLF,1
FLGALWNVAKSYF,1
KLGALWNVAKSVF,1
FLGALWNVKKSVF,1
KLGALWNVAKSKF,1
FLKALWKVAKSVF,1
FLKALWNVAKKVF,1
FLGALWKVAKKVF,1
FLKALWKVAKKVF,1
WLPLIGRVLSGIL,1
VRRFAWWWAFLRR,1
VRRFPAAAPFLRR,1
VRRFPFFFPFLRR,1
VRRFGWWWGFLRR,1
VKKVYPLKVKLYP,1
VKLVYPLKVKLYP,1
VIPIVSGLLSSLL,1
VFLGNIVSMGKKI,1
VKLKYPLKVKLYP,1
TVVRRRGRSPRRR,1
TWARNSYNVSRLP,1
VAGYNLYRAIKKK,1
TGRAKRRMQYNRR,1
SPPSEQLGKSFNF,1
SQRQATKDAGVIS,1
RRRRSQSPRRRRS,1
RRIIRKIIHIIKK,1
RLEKLFSKIQNDK,1
RIKRFWPVVIRTV,1
QYRPGSFGPLNQK,1
QLYENKPRRPYIL,1
QFPVGRVHRLLRK,1
PKRKSATKGDEPA,1
NLKAIAALAKKLL,1
NFLGTLVNLAKKI,1
NILNTIINLAKKI,1
LVKKLLKLAMGFG,1
LRRIIRKIIHIIK,1
LRHKVYGYCVLGP,1
LLRHVVKILEKYL,1
LLQWLSKLLGRLL,1
LLQWLSKLLGRWL,1
LLKALKKLLKKLL,1
LLKKLLKKLLKKC,1
LIGSLVRGILPLF,1
LLFGKIISRLLGN,1
LIRGLFKSFWQVF,1
LFGMALKLLKKVL,1
KYKKALKKLAKLL,1
KWFKRLEKLFSKI,1
KWKKLLKKPLLKK,1
KWKLFKKIPKFLH,1
KVFKRLEKLFSKI,1
KMDSRWRWKSSKK,1
KKYRYHLKPFSKK,1
KKYRYHLKPFCKK,1
KKKVVFKVKFKKK,1
KDLHTVVSAILQA,1
KCFQWQRNMRKVR,1
IVRPPIRCKAAFC,1
ILSAIWSGIKGLL,1
ILPWKWPWWPWRR,1
ILPIIGKILSTIF,1
ILPWKWPWWPARR,1
ILQDIWNGIKNLF,1
ILPSKLCRLLGNC,1
ILPWKAPAAPARR,1
ILPWKWRWWKWRR,1
ILPWKWPWAPARR,1
ILPFKFPFFPFRR,1
ILPAKAPAAPARR,1
ILSAIWSGIKSLF,1
ILRWKWRWWRWRR,1
INLKAIAAMAKKL,1
INLKAIAALARNY,1
INWKGIAAMAKKL,1
ILPWKWPAAPARR,1
ILGKIWKGIKSLF,1
ILGKILKGIKKLF,1
ILAWKWAWWAWRR,1
ILGKILEGIKSLF,1
IKKIVSKIKKVLK,1
ILGKIWEGIKSLF,1
ILGKIAEGIKSLF,1
IKKILSKIKKLLK,1
IKKIVSKIKKLLK,1
IIPLPLGYFAKKT,1
IFGAIWSGIKSLF,1
IFKAIWSGIKSLF,1
HFLGTLVNLAKKI,1
GSWIKRLNSWLRK,1
GRILSFIKGLAEH,1
GLFDIIKKIAESI,1
GLFDIIKKIAESF,1
GFKMALKLLKKVL,1
GFGKALKLLKKVL,1
GFGMALRLLRRVL,1
GCWTKSIPPKPCF,1
FVRWFSRFLGRIL,1
FVPWFSKFLGRIL,1
FVRWFSKFLGRIL,1
FVQWFSKFLLRIL,1
FVQWFSRFLGRIL,1
FVQWFSKFLGKIL,1
FSVTWRWWKWWKG,1
FVQWFSKFLGRIL,1
FPVTWRWWTWWKG,1
FPVTWRWWKWWKG,1
FSEAIKKIIDFLG,1
INWKGIAAMAKKLL,1
INLKAIAAMAKKLL,1
PRGSPRTEYEAARR,1
GILDAIKAIAKAAG,1
GFSPNLPGKGLRIS,1
FLPPSPWKETFRTS,1
TSRCYIGYRRKWCS,1
RILSILRHQNLLKE,1
DSLSFSYNNFEEDD,1
HFLGTLVNLAKKIL,1
KDLHTVVSAILQAL,1
NFLDTLINLAKKFI,1
AILTTLANWARKFL,1
NILNTIINLAKKIL,1
GILGKLWEGFKSIV,1
EPILGIITSLLKSL,1
GRILSFIKGLAEHL,1
NFLGTLVNLAKKIL,1
FDVMGIIKKIAGAL,1
FDIMGLIKKVAGAL,1
CMSTRGDQARKICE,1
LRLKSIVSYAKKVL,1
IIYCNRRTGKCQRM,1
RIKRFWPVVIRTVV,1
FLPKLFAGIISKNF,1
INWLKLGKMVIDAL,1
INWKALLDAAKKVL,1
RKFHEKHHSHRGYR,1
LKLLKKLLKLLKKL,1
LKKLLKKLKKLLKK,1
INMKASAAVAKKLL,1
LRRAARWARRLLRR,1
LRRPPRWPRRLLRR,1
LRRLLRWLRRLLRR,1
YPVKLKVYPLKVKL,1
WSPQEEDRIIEGGI,1
WKKIPKFLHLAKKF,1
VVAGYNLYRAIKKK,1
VVKCSYRQGSPDSR,1
VSRRRRRRGGRRRR,1
VIVKAIATLASKLL,1
VHVPPICSHRECRK,1
VKLLVYPLKVKLYP,1
VKLNVYPLKVKLYP,1
VKLKVFPLKVKLFP,1
VKLYVYPLKVKLYP,1
VKLFVYPLKVKLYP,1
VKKLVYPLKVKLYP,1
VKRFKKFFRKLKKS,1
VKLGVYPLKVKLYP,1
VKLKVYPLKVKLYP,1
VKAKVYPAKVKAYP,1
VIVKAIATLSKKLL,1
VCRLPGTISREICA,1
TWLKKRRWKKAKPP,1
TKCFQWQRNMRKVR,1
SPRRRRSQSPRRRR,1
SRWPSPGRPRPFPG,1
SSSKEENRIIPGGI,1
SILPTIVSFLTKFL,1
SILPTIVSFLSKFL,1
SIFPAIVSFLSKFL,1
SILPTIVSFLSKVF,1
RLLRKFFRKLKKSV,1
RCYCRRRFCVCVGR,1
RCTCTTIISSSSTF,1
RARFEELNMDLFRR,1
RAGLQFPVGRVHRL,1
PRPRPRPLPFPRPG,1
NFLGTLINLAKKIM,1
MPLSWFFPRTWGKR,1
MLLKKLLKKLLKKM,1
LRRIIRKIIHIIKK,1
LQFPVGRVHRLLRK,1
LNLKALLAVAKKIL,1
LLLFLLKKRKKRKY,1
LKLKLYPLKLKLYP,1
LKLKSIVSWAKKVL,1
LKLKLFPLKLKLFP,1
LCYCRRRFCVCVGR,1
KYHSGPSDKSKVIS,1
KWKLFKKIGIGKFL,1
KWKLFKKIPKFLHL,1
KWKKPLLKKLLKKL,1
KWKKLLKKPLKLKL,1
KRLFKELKFSLRKY,1
KRLFKKLLFSLRKY,1
KRLFKELLFSLRKY,1
KRLFRRWQWRMKKY,1
KRLFKKLKFSLRKY,1
KSSTRGRKSSRRKK,1
KRLFRRLLFSMKKY,1
KQQLATEAESAGPI,1
KRFKKFFKKVKKSV,1
KRKFHEKHHSHRGY,1
KLAKLAKKLAKLAK,1
KLLNLLPGLLAGIF,1
KKKKPLFGLFFGLF,1
KKFFRAWWAPRFLK,1
KGRGKQGGKVRAKA,1
INLKAIAALAKKLLG,1
ANDPQCLYGNVAAKF,1
KFFRKLKKSVKKRAK,1
VWPLGLVICKALKIC,1
VAIALKAAHYHTHKE,1
PEDPQRRYQEEQRRE,1
AKITFTNNHPRTIWP,1
SYKKIDCGGACAARC,1
TSRCYIGYRRKVVCS,1
KQQLATEAESAGPIL,1
FIFPKKNIINSLFGR,1
VAGPFRIPPLRREFQ,1
ESGINLQGDATLANN,1
EQPGGDKVNLGYFTN,1
QKIQEIDLQTYLQPQ,1
QGIGVGDNDGKRGKR,1
NSMERVEELRKKLQD,1
LNLKGLFKKVASLLT,1
LNLKGLIKKVASLLN,1
FLPIVTNLLSGLLGK,1
FLSHIAGFLSNLFGK,1
KWKLFKKLKVLTTGL,1
LDSLSFSYNNFEEDD,1
SIGFDGLNDPDIVAR,1
AIGFDGLNDPDIVAR,1
EMLKKKKEVKMERKT,1
FLPLIGKILGTILGK,1
RRRFPWVCWPFLRRR,1
FKRLKKLFKKIWNWK,1
AKRLKKLFKKIWNWK,1
FKRLKKLAKKIWNWK,1
AKRLKKLAKKIWNWK,1
AKRLKKLAKKIWKWL,1
AKRLKKLAKKIWKWK,1
INWKKIKSIIKAAMN,1
TRKRLKKIGKVLKWI,1
RLLRPLLQLLKQKLR,1
RIIRPIIQIIKQKIR,1
RVVRPVVQVVKQKVR,1
FKKLKKLFKKILKLK,1
YQEPVLGPVRGPFPI,1
YPCKLNLKLGKVPFH,1
WLNALLHHGYKRKFH,1
WLNAKRHHGYKRKFH,1
WFKKIPKFLHLAKKF,1
VSWKKSLGKIIKVVK,1
VYWKKILGKIIKVVK,1
VTPPWARIYYGCAKA,1
VTCDILSVEAKGVKL,1
VRRVRKWVRRVLKLV,1
VNWKKILGKIKKVVK,1
VNWKKILGKSIKVSK,1
VNWKKVLGKVVKVVK,1
VNWKKSLGKSIKVVK,1
VNWKKILGKIIKVAK,1
VNWKKILKKIIKVVK,1
VNWKKILAKIIKVVK,1
VNWKKILGKIIKVVK,1
VNWRRILGRIIRVVR,1
VNWKKVLGKIIKVAK,1
VNFKKLLGKLLKVVK,1
VNWKKILPKIIKVVK,1
VNWKKLLGKLLKVVK,1
VKRWKKWRWKWKKWV,1
VKRWKKFWRKWKKWW,1
VKRWKKWWRKLKKSV,1
VKLKKYPKLKVKLYP,1
VKLKVYPKLKVKLYP,1
VGALAVVVWLYLWLW,1
VKLVKYPKLKVKLYP,1
VKRFKKFFRKFKKSV,1
VGALAVVVWLFLWLW,1
VKRFKKFFRKLKKSV,1
TVVAGYNLYRAIKKK,1
RVVRPVVQVVKEKVR,1
RVVRPVVQGVKEKVR,1
RVVRPVVQGVKQKVR,1
RSMRLSFRARGYGFR,1
RSGGYCNGKRVCVCR,1
RRIRPRPPRLPRPRP,1
RRGWVLALYLRYGRR,1
RRGWVLALVLRYGRR,1
RLTYKPRTVTYTRGR,1
RNCTWLFSTKLKLPA,1
RIKKIVQKKLAGDES,1
RIKRFWPVVIRTVVA,1
RGVRPVVQGVKEKVR,1
RAGLQFPVGRVHRLL,1
RCMCIKTTSGIHPKN,1
PRPFPGRPKPIFRPR,1
PLPFPRPGPRPIPRP,1
PRIKKIVQKKLAGDE,1
NYISFFRKCKNSQST,1
NVWKKILGKIIKVVK,1
NKWKKILGKIIKVVK,1
MCIKTTSGIHPKNIQ,1
LVKRFKKFFRKLKKS,1
LVKLVAGIKKFLKWK,1
LRCMCIKTTSGIHPK,1
LRRLRKWLRRLLKLL,1
LNLKGIFKKVASLLT,1
LLSKAQEKFGKNKSR,1
LKGCWTKSIPPKPCF,1
LGPALITRKPLKGKP,1
KWKLKPLLKKLLKKL,1
KWKLFKKLPLIGRVL,1
KWKLFKKIGAVLKVL,1
FLPIVGKLLSGLSGLL,1
KIMAKPSKFYEQLRGR,1
GCSRWIIGIHGQICRD,1
RGGRLCYCRRRFCICV,1
VVKCSYRLGSPDSQCN,1
RFIYMKGFGKPRFGKR,1
FLPIAGKLLSGLSGLL,1
FFPIVGKLLFGLSGLL,1
FFPIVGKLLSGLSGLL,1
FFPIVGKLLFGLFGLL,1
FLPIVGKLLSGLSGLS,1
CVHWQTNTARTSCIGP,1
DCTRWIIGINGRICRD,1
FIGKLISAASGLLSHL,1
ILGAIIPLVSGLLSHL,1
FLPFLIPALTSLISSL,1
SDYSRKRDPPQKYEEE,1
CVHWMTNTARTACIAP,1
FQWQRNMRKVRGPPVS,1
VPIIYCNRRTGKCQRM,1
RIKRFWPVVIRTVVAG,1
GPLQLSWNYNYGAAGK��,1
VARGWKRKCPLFGKGG,1
LKLLKKLLKLLKKLGK,1
KGLKKLLKLLKKLLKL,1
GSNIEVMLGLPNSDVK,1
GIMSSLMKKLKKIIKK,1
GILSSLLKKLKKIIAK,1
GIMSSLMKKLAKIIKK,1
GIMSSLMKKLKKHIAK,1
GIMISLMKKLAAHIAK,1
GIMSSLMKKLAAIIAK,1
GIMSSLMKKLAKIIAK,1
GIMSSLMKKLKKIIAK,1
GIMSSLMKKLAAHIKK,1
GIMSSLMKKLAKHIAK,1
GIMSSLMKKLKAHIAK,1
GIMSSLMKKLAAHIAK,1
GILSSLWKKPKKIIAK,1
GILSSLWKKLKKWIAK,1
GILSSLLKKLKKWIAK,1
GILSSLLKKWKKIIAK,1
GKLSSLWKKLKKIIAK,1
GILSSLWKKLKKIIAK,1
GILSSWLKKLKKIIAK,1
GILKSLLKKLKKIIAK,1
GILSKLLKKLKKIIAK,1
GIWSSLLKKLKKIIAK,1
SFLTTVKKLVTNLAAL,1
VVKFSYRKGSPAPQKN,1
VVKCSYRLGSPDSRCN,1
VNWKKIILGKIIKVVK,1
VKRFKKFFRKLKKSVK,1
VKLKVKYPKLKVKLYP,1
VGTDFSGNDDISDVQK,1
VKWRWKKWRWKWKWKV,1
VDRGWGNGCGLFGKGG,1
VARGWGNGCGLFGKGG,1
VALRLAKEVIKVQQGW,1
SFHVFPPWMCKSLKKC,1
SFPFFPPGICKRLKRC,1
RTVVAGYNLYRAIKKK,1
RQIKIWFQNRRMKWKK,1
RRPPIRPPFYPPFRPP,1
RLYRRLYRRLYRRLYR,1
RLPRPRPRPLPFPRPG,1
RGGRLCYCRRRFCVCR,1
RAGLQFPVGRVHRLLR,1
QKKPPRPPQWAVGHFM,1
PSCVCSGFETSGIHFC,1
NLRRIIRKIIHIIKKY,1
NIRRIIRKIIHIIKKY,1
LVKRFKKFFRKLKKSV,1
LQDLALQGAKERAHQQ,1
LLKKLLKKLLKKLLKK,1
LLRRLLRRLLRRLLRR,1
LKGCWTKSIPPKPCFG,1
LGGIVSAVKKIVDFLG,1
KWKLFKKIPKFLHLAK,1
RWCFRVCYRGICYRKCR,1
SAPRGCWTKSYPPKPCK,1
GALRGCWTKSYPPKPCK,1
FLIGMTQGLICLITRKC,1
FLIGMTHGLICLISRKC,1
PDPAKTAPKKKSKKAVT,1
ATITFTNKCTRTVWPGG,1
ALYNSEDLYEETSDSDD,1
PFSLIPHAIGGLISAIK,1
LFSLIPHAIGGLISAFK,1
RPRCWIKIKFRCKSLKF,1
ATNIPFKVHFRCKAAFC,1
AVNIPFKVHFRCKAAFC,1
AAPRGGKGFFCKLFKDC,1
GFGSLLGKALKIGTNLL,1
FLPLVLGALSGILPKIL,1
FFPLLFGALSSHLPKLF,1
GFLSALKKYLPIVLKHV,1
FLPLFLPKIICVITKKC,1
FLGMIPGLIGGLISAFK,1
FLSLIPSLVGGSISAFK,1
KAGLAFPVGRVHRLLRK,1
RIKRFWPVVIRTVVAGY,1
SESILIVHQQQSRSSGS,1
ILGAILPLVSGLLSNKL,1
ILGAILPLVSGLLSSKL,1
ENMFNIKSSVESDSFWG,1
FIGMIPGLIGGLISAFK,1
LKLLKKLLKLLKKLGGK,1
SNMIEGVFAKGFKKASH,1
FFSLIPSLVGGLISAFK,1
FFSLIPKLVKGLISAFK,1
FFKLIPKLVKGLISAFK,1
MNKVKEWIKYLKSLFSM,1
FFSLIPSLVKKLIKAFK,1
FFKLIPKLVKKLIKAFK,1
KWCFRVCYAGICYRRCA,1
FLSLIPKLVKKIIKAFK,1
FLGMIPKLIKKLIKAFK,1
GILDWGKKVMDWIKDKM,1
YQEPVLGPVRGPFPIIV,1
WKLFKKIPKFLHLAKKF,1
WKLLSKAQEKFGKNKSR,1
VFLGAIAQALTSLLGKL,1
VKWRWKWKWRWKWKWKV,1
TRSSRAGLQFPVGRVHR,1
SKITDILAKLGKVLAHV,1
SLSRFLSFLKIVYPPAF,1
RWCFRVCYRGICYRRCR,1
RRIRPRPPRLPRPRPRP,1
RKLRRLKRKIAHKVKKY,1
RLYRKVYGRLYRKVYGK,1
RLMKCYKPNSRGFQLCE,1
RGGLCYCRGRFCVCVGR,1
RKGLQKLVGRVHRLLRK,1
RGLRRLGRKIAHGVKKY,1
RAGLQFPVGRVHRLLRK,1
RAGLQFLVGRVHRLLRK,1
PKAMRLLRRLLRLQKKG,1
NLLKSALKTVNKLLAAS,1
NLLNDALGTVNGLLGRS,1
NLLNKALGTVNGLLGRS,1
NDAACAAHCLFRGRSGG,1
MPKRKAEGDAKGDKAKV,1
MKTFLRLYRSLINKVLH,1
LVKRFKKFFRKLKKSVK,1
LLGMIPVAISAISALSK,1
LLGMIPLAISAISALSK,1
LLGPVLGLVSNVLGGLL,1
LKGCWTKSIPPKPCFGF,1
LKGCWTKSIPPKPCFGK,1
LLDKLKRTLLSIEAVLI,1
LKGCWTKSIPPKPCFGG,1
LFGLIPSLIGGLVSAFK,1
KWRRKLKKLRPKKKRKV,1
KWSFRVCYRGICYRRAR,1
KWCFRVCYRGICYRRCA,1
KWCFAVCYRGICYRRCR,1
KWAFRVCYRGICYRRAR,1
KWAFRVCYRGICYRRSR,1
KWCFRRCYAGICYRRCR,1
KWCARVCARGACYRRCR,1
KWCFRVCYRGGCYRRCR,1
KWKLFKKIPKFLHLAKK,1
KWCFRVSYRGIAYRRCR,1
KWCFRVCYRGICYRKCR,1
KWCFRVCGRGICYRRCR,1
KWCGRVCYRGICYRRCR,1
KWCFRVAYRGIAYRRCR,1
KWAFRVAYRGIAYRRAR,1
KWCFRACYRGICYRRCR,1
KWCFRVCYRGICYRACR,1
KWKLFKKIGIGKFLKKK,1
KWCFRVAYRGISYRRCR,1
KWCFRVCYRAICYRRCR,1
KWCFRVCYRGICYARCR,1
KWCFRVCYRGICYRRCR,1
KWCFRVCYRGICARRCR,1
KWCARVCYRGICYRRCR,1
GRFKRFRKKFKKLFKKLS,1
GGLRSLGRKILRAWKKYG,1
RRWCFRVCYRGFCYRKCR,1
RRWCFRVCYKGFCYRKCR,1
GKLQAFLAKMKEIAAQTL,1
GRLQAFLAKMKEIAAQTL,1
GLVDVLGKVGGLIKKLLP,1
LVRGCWTKSYPPKPCFVR,1
GWKKWFTKGERLSQRHFA,1
GLLGPLLKIAAKVGSNLL,1
GFLGSLLKTGLKVGSNLL,1
RGGGLCYCRRRFCVCVGR,1
ALYKKFKKKLLKSLKRLG,1
PPEAAYGPGNTNSDSGDK,1
RCVCTRGFCRCVCRRGVC,1
RCVCRRGVCRCVCRRGVC,1
RCVCTRGFCRCVCTRGFC,1
RCVCTRGFCRCICLLGIC,1
RCVCTRGFCRCFCRRGVC,1
LLGMIPLAISAISALSKL,1
NALSMPRNKCNRALMCFG,1
NALSSPRNKCDRASSCFG,1
RCVCRRGVCRCVCTRGFC,1
GICRCICTRGFCRCICVL,1
GICRCLCRRGVCRCICVL,1
FLPKLFAKITKKNMAHIR,1
LLGMIPVAISAISALSKL,1
IFGAILPLALGALKNLIK,1
FFGHLFKLATKIIPSLFQ,1
SGYLPGKEYVYKYKGKVF,1
FLFSLIPHAISGLISAFK,1
FLFSLIPNAISGLLSAFK��,1
FLFKLIPKAIKGLIKAFK,1
FLFKLIPKAIKGLLKAFK,1
RRWSFRVSYRGFSYRKSR,1
QCRRLCYKQRCVTYCRGR,1
FLAKAVAKAAAKALAKAL,1
FLFSLIPHAIGGLISAFK,1
FPFSLIPHAIGGLISAIK,1
KPVPIIYCNRRTGKCQRM,1
GSKKPVPIIYCNRRTGKC,1
RIKRFWPVVIRTVVAGYN,1
EALYNSEDLYEETSDSDD,1
GFCRCLCRRGVCRCICTR,1
RCLCRRGVCRCLCRRGVC,1
RGGRLCYCRGWICFCVGR,1
RGGRLCYCRPRFCVCVGR,1
LKLLKKLLKLLKKLGGGK,1
VIRTVVAGYNLYRAIKKK,1
PAAAAQAVAGLAPVAAEQ,1
FLKGCWTKWYSLKPKCPF,1
RKKTRKRLKKIGKVLKWI,1
VNFKLLSHSLLVTLASHL,1
VRFKLLSHSLLVTLASHL,1
RRFKLLSHSLLVTLASHL,1
GCRRLCYKQRCVTYCRGR,1
GCRRLCWRQRCVTWCRGR,1
GCRALCYKQRCVTYCRGA,1
KCRRLCYRQRCVTYCRGR,1
KCRRYCYRQRCVTYCRGR,1
KWCFCVCYRGICRCRCRG,1
KWCRCVCRRGICRCFCRG,1
GWCRCVCRRGICRCFCRK,1
HLNKRVQRELIRWLDWLK,1
HLLKRVQRELIGWLDWLK,1
HLNKRVQRELIGWLRWLK,1
HLNKRVQRELRGWLDWLK,1
HLNKRVQRELIGWLDWLK,1
WLRAFRRLVRRLARLLRR,1
WLRAFRRLVRRLARGLRR,1
WGRAFRRLVRRLARGLRR,1
WGRAFRRGVRRLARGGRR,1
WGRAFSRGVRRLARGGRG,1
WGRAFSAGVHRLARGGRG,1
WGRAFSAGVHRLANGGNG,1
WGEAFSAGVHRLANGGNG,1
RWKRHISEQLRRRDRLQR,1
IWGALLGTLIPAITSAIQ,1
YKLLKLLLPKLKGLLPKL,1
YKLLKWLLLKLKALLEKL,1
YKLLKLLLPKLKGLLFKL,1
YKLLKLLLPKLKPLLFKL,1
YKLLKKLLKKLKKLLKKL,1
YKLLKLLLPKLKPLLIKL,1
YKLLKLLLPKLKGLLIKL,1
YKLLKLLLPKLKPLLPKL,1
WNLLRQAQEKFGKDKSPK,1
WRKWRKRWWWRKWRKRWW,1
WLNALLHHGLNCAKGVLA,1
WCRRLCYKQRCVTYCRGR,1
VKRFKKFFRKLKKSVKKL,1
SPPNQPSIMTFDYAKTNK,1
SMLSVLKNLGKVGLGFVA,1
SAVGRHGRRFGLRKHRKH,1
RSNKGFNFMVDMIQALSK,1
RRWCFRVCYKGRCRYKCR,1
RRWCFRVCYKGFCRYKCR,1
RLLRRLLRRLLRLQKKGI,1
RKKRRQRRRRKKRRQRRR,1
RICRCICGRRICRCICGR,1
RGGRLCYCRRRFCVCVGR,1
RGLRRLGRKIAHGVKKYG,1
RGGCLCYCRRRFCVCVCR,1
RGLRALGRKIAHGVKAYG,1
RCICTRGFCRCLCRRGVC,1
RCICTRGFCRCICTRGFC,1
QTRRLTYKPRTVTYTRGR,1
PPRLPRPRPRPLPFPRPG,1
NVLSSVANGINRALSFFG,1
NLLGSLLKTGLKVGSNLL,1
NLVSALIEGRKYLKNVLK,1
NILSSIVNGINRALSFFG,1
NILSSIANGINRALSFFG,1
MPDPAKTAPKKKSKKAVT,1
MKTFLRLYRSLINKVLHV,1
LVKRFKKFFRKLKKSVKK,1
LLGMIPVAITAISALSKL,1
LNALKKVFQKIHEAIKKI,1
LLIILRRRIRKQAHAHSK,1
LNALKKVFQGIHEAIKKI,1
LLNSGVKLGTKLLSGLLN,1
LNALKKVFQKIHEAIKLI,1
LLGMIKVAITAISALSKL,1
LLGMIPLAISAISSLSKL,1
FLPVILPVIGKLLNGILGK,1
AGFAAQAAASLAPVAAQQL,1
GLVDVLGKVGGLIKKLLPG,1
AKKVFKRLEKLFSKIQNDK,1
PQRGEGGRAGNLLREEQEI,1
FFRLLFHGVHHGGGYLNAA,1
FFRLLFHGVHHVGKIKPRA,1
GWKKWLRKGAKHLGQAAIK,1
AGFAAQAAASLAPVAIQQL,1
FLSLIPHAINAVSAIAKHF,1
RNCESLSHRFKGPCTRDSN,1
GFKDLLKGAAKALVKTVLF,1
GVIKSVLKGVAKTVALGML,1
SSGWVCTLTIECGTVICAC,1
FKTWKRPPFQTSCWGIIKE,1
FFPTIAGLTKLFCAITKKC,1
GPVGLLSSPGSLPPVGGAP,1
FLWGLIPGAISAVTSLIKK,1
LNLTKWLGKLGVILSHLNK,1
LKLKDILGKIKVILSHLNK,1
LKLKSILGKLGVILSHLNK,1
LALKSGGWLRLFGLKDKKH,1
FLSLIPHIVSGVASIAKHF,1
FLSLIPHAINAVSAIAKHN,1
FLSLIPHAINAVSTLVHHF,1
FLSLIPHAINAVSALANHG,1
GSKKPVPIIYCNRRTGKCQ,1
AKKVFKRLEKLFSKIQNWK,1
AKKVFKRLEKLFSKIWNDK,1
AKKVFKRLEKLFSKIWNWK,1
AKKVFKRLEKSFSKIQNDK,1
AKKVSKRLEKLFSKIQNDK,1
AKKVFKRLEKLFSKIFNFK,1
AKKVFKRLEKLFSKIYNYK,1
RIKRFWPVVIRTVVAGYNL,1
SPPEAAYGPGNTNSDSGDK,1
TAGFGVFTNIINGGLECGK,1
VVIRTVVAGYNLYRAIKKK,1
FLFSLIPSVIAGLVSAIRN,1
FLFSLIPSAIAGLVSAIRN,1
FLFKLIPKAIKGLVKAIRK,1
FLFKLIPKVIKGLVKAIRK,1
YVPPVQKPHPNGPKFPTFP,1
WKKVFKRLEKLFSKIWNWK,1
WLRRIGKGVKIIGGAALDH,1
VAKKLAKLAKKLAKLALAL,1
VDKPPYLPRPRPPRRIYNR,1
SPGRPRPFPGRPKPIFRPR,1
SGRGKQGGKVRAKAKTRSS,1
SGGYCGGWHRLRCTSYRSG,1
SALVGCWTKSYPPKPCFGR,1
SALVGCGTKSYPPKPCFGR,1
SALVGCWTKSWPPKPCFGR,1
RRRTPSPRRRRSQSPRRRR,1
RSARAGLQFPVGRIHRHLK,1
RRWCFRVCYRGRFCYRKCR,1
RPDKPRPYLPRPRPPRPVR,1
RLYRRLYRRLYRRLYRKKK,1
RILSILRHQNLLKELQDLA,1
RGRGKQGGKVRAKAKTRSS,1
QKDDEEESRFFFNFIFSAE,1
PDPAKTAPKKGSKKAVTKA,1
LPSDATLVLDQTGKELDAR,1
LPFFLLSLIPSAISAIKKI,1
LLSLVPHAINAVSAIAKHF,1
LIWKLLSKAQEKFGKNKSR,1
KYYSRVRGGRSAVLSSLDK,1
KYYSRVRGGRSAVLSSLPK,1
KWLNALLHHGLNCAKGVLA,1
KGRGKQGGKVRAKAKTRSS,1
KIFGAIWPLALGALKNLIK,1
KKAAHVGKHVGKAALTHYL,1
KAYSTPRCKGLFRALMCWL,1
KAYSMPRCKGGFRAVMCWL,1
KAYSMPRCKYLFRAVLCWL,1
IWSFLIKAATKLLPSLFGG,1
ISQSDAILSAIWSGIKSLF,1
ILENLLARSTNEDREGSIF,1
ILGPVISTIGGVLGGLLKN,1
ILGPVLGLVGNALGGLIKK,1
ILGPVISKIGGVLGGLLKN,1
GWGSFFKKAAHVGKHVGKA,1
GTPGFQTPDARVISRFGFN,1
GSLHGFMYKYLKNMVLNLF,1
GSAQPYKQLHKVVNWDPYG,1
GSLHGFMYKYLKNMVLTLF,1
GSLHGFMYRYLKNMVLNLF,1
GSLHGFMYKYLKTLVLRLY,1
GLLFKELQKLIRYQIFIGK,1
GLKKLLGKLLKKLGKLLLK,1
ICIFCCGCCHRSKCGMCCKT,1
SWKSMAKKLKEYMEKLKQRA,1
SWASMAKKLKEYMEKLKQRA,1
EWEPVQNGGSSYYMVPRIWA,1
ILGPVISTIGGVLGGLLKNL,1
ILGPVLSMVGSALGGLIKKI,1
ILGPVLGLVGNALGGLIKKI,1
GLLSKFGRLARKLARVIPKV,1
GADFQECMKEHSQKQHQHQG,1
FLGGLMKAFPALICAVTKKC,1
FLGGLMKAFPAIICAVTKKC,1
GVGYKVVVTTTAAADDDDVV,1
VKSTGRADDDLAVKTKYLPP,1
ARCENFADSYRQPPISSSQT,1
GLGSVFGRLARILGRVIPKV,1
FLGGLIKIVPAMICAVTKKC,1
QWGRRCCGWGPGRRYCVRWC,1
QYGRRCCNWGPGRRYCKRWC,1
QYRHRCCAWGPGRKYCKRWC,1
QWGRRCCGWGPGRRYCRRWC,1
ILGPVISKIGGVLGGLLKNL,1
GLFTLIKCAYQLIAPTVACN,1
AALKGCWTKSIPPKPCFGKR,1
FLPLLLAGLPLKLCFLFKKC,1
WLRRIGKGVKIIGGAALDHL,1
TLRGDERILSILRHQNLLKE,1
ATFNFINNCPFTVWAAAVPG,1
LPSDATLVLDQTGKELDARL,1
LLGPVLGLVSNALGGLLKNI,1
ILGPVLGLVGSALGGLIKKI,1
ILGPVLSLVGNALGGLIKKI,1
ILGPVLGLVSNALGGLLKNI,1
ILGPVLGLVSNALGGLIKKI,1
ILGPVLGLVGEPLGGLIKKI,1
ILGPVLGLVGNALGGLLKNL,1
ILGPVLSLVGSALGGLIKKI,1
ILGPVLGLVSNAIGGLIKKI,1
ILGPVLGLVSNALGGLLKNL,1
ILGPVIKTIGGVLGGLLKNL,1
ILGPVIGTIGNVLGGLLKNL,1
ILGPVIKTIGGVIGGLLKNL,1
LPKMSTKLRVPYRRGTKDYH,1
LAHQKPFIRKSYKCLHKRCR,1
KTCENLADTFRGPCFATSNC,1
KSCCRNTTARNCYNVCRIPG,1
KRIVQRIKDFLRNLVPRTES,1
FLGGLMKIIPAAFCAVTKKC,1
FIGAIAAALPHVINAIKNTF,1
VGKTWIKVIRGIGKSKIKWQ,1
RILSILRHQNLLKELQDLAL,1
GKLNLFLSRLEILKLFVGAL,1
ILGPVLGLVGNALGGLIKKL,1
KSLRPRCWIKIKFRCKSLKF,1
GLFTLIKGAYKNDAPTVACN,1
GLFSKFAGKGIVNFLIEGVE,1
GLFTLIKGAYKLDAPTVACN,1
AALRGCWTKSIPPKPCPGKR,1
SALVGCWTKSYPPNPCFGRG,1
SALVGCWTKSWPPKPCFGRG,1
FLPIIAGMAAKVICAITKKC,1
FFPIIAGMAAKVICAITKKC,1
FLPFLLSALPKVFCFFSKKC,1
FLPLLLSALPSFLCLVFKKC,1
AALKGCWTKSIPPKPCSGKR,1
AALRGCWTKSIPPKPCSGKR,1
LIGPVLGLVGSALGGLLKKI,1
GRFRRLRKKTRKRLKKIGKV,1
GKKLFVNVLDKIRCKVAGGC,1
GSKKPVPIIYCNRRTGKCQR,1
RIKRFWPVVIRTVVAGYNLY,1
GIFTFEDESTSTVAPAKLYK,1
SVFAFENEQSSTIAPARLYK,1
GIFTFEDESTTTVAPAKLYK,1
SVFAFQDESTSTIAQARLFI,1
SIFAFQDESPSAIAQAKLFK,1
GVFTFEDESTSTVAPAKLYK,1
ITCPQVTQSLAPCVPYLISG,1
EVCEKASKTWSGNCGNTGHC,1
QVFTLIKGATQLIRKTLGEQ,1
GWMSKIASGIGTFLSGVQQG,1
FLPLLPSALPSFLCLVFKKC,1
FLPLLLSALPSFSCLVFKKC,1
EGPVGLADPDGPASAPLGAP,1
PVVIRTVVAGYNLYRAIKKK,1
FFSMIPKIAGGIASLVKNLG,1
KRIGLIRLIGKILRGLRRLG,1
KLIFILSKTIPAGKNLFYKI,1
KLILILSKTIPAGKNLFYKI,1
KLIPILSKTIPAGKNLFYKI,1
KLIWILSKTIPAGKNLFYKI,1
VVMKLGKAFVPIGKWKKDGI,1
VLVPQGFAVVKKANFVAFYT,1
VRLEFKLQQTSCRKRDWKKP,1
VDKPPYLPRPPPPRRIYNNR,1
TLIWEFYHQILDEYNKENKG,1
SRWPSPGRPRPFPGRPKPIF,1
SSMKLSFRARAYGFRGPGPQ,1
RRRTPSPRRRRSQSPRRRRS,1
RLLRRLLRRLLRRLLRRLLR,1
QSHLSLCRWCCNCCRSNKGC,1
PRPPRLPRPRPRPLPFPRPG,1
MASRAARLAARLARLALRAL,1
MASRAAGLAARLARLALRAL,1
MAARAARLAARLARLALRAL,1
LLSLALAALPKLFCLIFKKC,1
LIKVVNHVQYNVTLHWHGIR,1
LALRTAGWLRLLGFRDKKKN,1
LGRKIAHGVKKYGPTVLRII,1
KWKLFKKIGIGKFLHSAKKF,1
KWKKLLKKPPPLLKKLLKKL,1
KRKLIFLAAFLAALALFKKR,1
KRSQEYRIGRCPNTYACLKR,1
KRRLIARILRLAARALVKKR,1
KVLKAAAKAALNAVLVGANA,1
KRKLTLVFGVMAGVIGTKKR,1
KRRLAAFRAFRGALKSVLKK,1
KLIFILSKTIPAIKNLFYKI,1
KLILILSKTIPAIKNLFYKI,1
KLIPIASKTCPAGKNLCYKI,1
KLIWILSKTIPAIKNLFYKI,1
KKRLKKIFKKPMVIGVTIPF,1
GSKKPVPIIYCNRRTGKCQRM,1
TRSSRAGLQFPVGRVHRLLRK,1
MTCGQVQGNLAQCIGFLQKGG,1
FWGKLLKLGMHGIGLLHQHLG,1
RQRVEELSKFSKKGAAARRRK,1
GFMKYIGPLIPHAVKAISDLI,1
GLLSKVLGVGKKVLCGVSGLC,1
GMASKAGAIAGKIAKVALKAL,1
RSTEDIIKSISGGGFLNAMNA,1
GIFGKILGVGKKVLCGLSGVC,1
GLLSGILGAGKNIVCGLSGLC,1
GLLSGVLGVGKKVLCGLSGLC,1
GLLSGILGAGKHIVCGLSGLR,1
GLLSGILGAGKHIICGLSGLC,1
GLLSGILGAGKQKVCGLSGLC,1
GLFGKILGVGKKVLCGLSGMC,1
GFWGKLFKLGLHGIGLLHLHL,1
GLLSGILGAGKHIVCGLSGLC,1
GIWDTIKSMGKVFAGKILQNL,1
SSMKLSFRARAYGFRGPGPQL,1
APPGARPPPGPPPPGPPPPGP,1
GIFGKILGVGKKVLCGLSGWC,1
GLLSGILGAGKHIVCGLSGLK,1
GLLSGVLGVGKKVDCGLSGLC,1
GHHPHGHHPHGHHPHGHHHPH,1
FLPKMSTKLRVPYRRGTKDYH,1
KTCENLADTYKGPCFTTGSCD,1
GIFSTVFKAGKGIVCGLTGLC,1
GILGTVFKAGKGIVCGLTGLC,1
GLLSGVLGVGKKVCGLSGLC,1
GIFGKILGVGKKTLCELSGMC,1
GIFLKVLGVGKKVLCGVSGLC,1
GLISGILGVGKKLVCGLSGLC,1
GLISGILGVGKMLVCGLSGLC,1
GLISGLLGVGKMLVCGLSGLC,1
GILGNIVGMGKKIVCGLSGLC,1
GILGNIVGMGKKVVCGLSGLC,1
GILSGVLGMGKKIVCGLRGLC,1
GILGNIVGMGKQVVCGLSGLC,1
FALGAVTKLLPSLLCMITRKC,1
FALGAVTKRLPSLFCLITRKC,1
GIFGKILGAGKKVLCGLSGLC,1
GIFGKILGVGKKVLCGLSGMC,1
CLGIGSCNDFAGCGYAIVCFW,1
GLFGVLAKVAAHVVPAIAEHF,1
GILSGILGVGKKLVCGLSGLC,1
GILSGILGVGKMLVCGLSGLC,1
GILSGLLGVGKMLVCGLSGLC,1
GILSTVFKAGKGIVCGLSGLC,1
GILSGVLGMGKKIVCGLSGLC,1
SLWETIKNAGKGFIQNLDKIR,1
RCRFCCRCCPRMRGCGICCRF,1
GCRFCCNCCPNMSGCGVCCRF,1
RWCVYAYVRVRGVLVRYRRCW,1
RIKRFWPVVIRTVVAGYNLYR,1
KEKLKLKCKAPKCYNDKLACT,1
DWTFANWSCLVCDDCSVNLTV,1
RWCVYAYVRIRGVLVRYRRCW,1
RKFHEKHHSHRGYRSNYLYDN,1
WPVVIRTVVAGYNLYRAIKKK,1
GFLDIVKGVGKVALGAVSKLF,1
RRLRPRRPRLPRPRPRPRPRP,1
RRLRKKTRKRLKKIGKVLKWI,1
FIHHIIGGLFSAGKAIHRLIR,1
IIGGLFSAGKAIHRLIRRRRR,1
RWKRHISEQLRRRDRLQRQAF,1
WPSPGRPRPFPGRPKPIFRPR,1
VGIGTPIFSYGGGAGHVPEYF,1
TTPACFTIGLGVGALFSAKFC,1
TVVRRRGRSPRRRTPSPRRRR,1
TQQAFQKFLAAVTSALGKQYH,1
TCESPSHKFKGPCATNRNCES,1
SSMKLSFRARAYSFRGPGPQL,1
SSMKLSFRARAYGFRGPGLQL,1
SPRRRTPSPRRRRSQSPRRRR,1
SRSEKAGLQFPVGRIGRMLKK,1
SIGRRGGYCAGIIKQTCTCYR,1
SILSGNFGVGKKIVCGLSGLC,1
RWCVYAYVRVAGVLVRYRRCW,1
RVVRQWPIGRVRRVVRRVVR,1
RVHRLLRRVHRLLRRVHRLLR,1
RAGLQFPVGRLLRRLLRRLLR,1
RAGLQFPVGKLLKKLLKRLKR,1
RAGLQWPIGRLLRRLLRRLLR,1
QRFSQPTFKLPQGRLTLSRKF,1
MKYLWVFIVFSIAVLSHACSA,1
LLAGLAANFLPKIFCKITRKC,1
LCAIAKKKGKCKGPLKLVCKC,1
KYALMKKIAELIPNLKSRQVK,1
FFHHIFRGIVHVGKTIHRLVTG,1
FFHHIFRGIVHVGKTIHKLVTG,1
GVFLDALKKFAKGGMNAVLNPK,1
GMATKAGTALGKVAKAVIGAAL,1
GIGGALLSAGKAALKGLAKVLV,1
RPWAGNGSVHRYTVLSPRLKTQ,1
SLWETIKNAGKGFIQNILDKIR,1
TPALAVVTTVLPAAAVTTAKSV,1
CPAIQRCCQQLRNIQPPCRCCQ,1
KKVADKVLLLKQLRIMRLLTRL,1
CKHQCMSTRGDQARKICESVCM,1
FFGHLFRGIINVGKHIHGLLSG,1
FLGSIVGALASALPSLISKIRN,1
RIKRFWPVVIRTVVAGYNLYRA,1
YSLQMGATAIKQVKKLFKKKGG,1
FFWHHIGHALDAAKRVHGMLSG,1
FWPVVIRTVVAGYNLYRAIKKK,1
RRLRPRRPRLPRPRPRPRPRPR,1
FFRNLWKGAKAAFRAGHAAWRA,1
VGRKHSILNCIPYLKKKKIMRL,1
TRRKFWKKVLNGALKIAPFLLG,1
SPYRCGSPDSRGSENTRCLIKK,1
SFFKKAAHVGKHVGKAALTHYL,1
SCLPKEEQIGKSTRGRKCRRKR,1
SCLPKEEQIGKSTRGRKCRRKK,1
RVVRQWPIGRVRRVVRRVVRF,1
RVLKDVESALRESVANWKIVIG,1
RVVRQWPIGRVRRVVRRVVRL,1
SADQTGMNKAALSPIRFISKSV,1
RVVRQWPIGRVRRVVRRVVRY,1
RCPGRTRQIGTIFPGRIKCRSW,1
RFRPPIRRPPIRPPFYPPFRPP,1
RCPGRTRQIGTIFGPRIKCRSW,1
NVLKKLNRLKEKNKAKNSKENN,1
LHRLVKLVAALLRGYASKVDTH,1
KTKQQFLIKAQTQLFKVFGYTL,1
KRKKHRCRVYNNGMPTGMYRWC,1
KKLIKVFAKGFKKAKKLFKGIG,1
KEDLIWKLLSKAQEKFGKNKSR,1
IWGLIAHGVGHVGRLIHGLIRG,1
ITCQQVTAELEPCVPYLTQGIP,1
IASKFICTPGCAKTGSFNSYCC,1
HSSGYTRPLRKPSRPIFIRPIG,1
IASKFLCTPGCAKTGSFNSYCC,1
GWRTLLKKAEVKTVGKLALKHY,1
GWGSFFKKAAHVGKHVGKAALT,1
GVVDILKGAAKDIAGHLASKVM,1
GRKKRRQRRRGGWMWVTNLRTD,1
GMATKAGTAFGKAAKAIIGAAL,1
GLHKVMREVLGYERNSYKKFFLR,1
GIGKFLHSAKKFGKAFVGEIMNS,1
VIGSILGALASGLPTLISWIKNR,1
AIGSILGALAKGLPTLISWIKNR,1
FFHHIFRGIVHVGKTIHKLVTGG,1
FFHHIFRGIVHVGRTIHKLVTGG,1
FFHHIFRGIVHVGRTIHRLVTGG,1
GINTLKKVIQGLHEVIKLVSNHE,1
GINTLKKVIQGLHEVIKLVSNHA,1
PEEMNKYLTALRHYINLVTRQRY,1
MFFSSKKCKTVSKTFRGPCVRNA,1
VFQFLGKIIHHVGNFVHGFSHVF,1
VFHLLGKIIHHVGNFVYGFSHVF,1
VFQFLGRIIHHVGNFVHGFSHVF,1
AFKLLGRIIHHVGNFVYGFSHVF,1
QRPYTQPLIYYPPPPTPPRIYRA,1
GLFGKSSVHGRKYYVDLAGCAKA,1
QKLCERPSGTWSGVCGNNNACKN,1
LPMLAGLAANFLPKIVCKITKKC,1
SMGAVKLAKLLIDKMKCEVTKAC,1
GWRTLLKKAEVKTVGKLALKHYL,1
GWKKWLRKGAKHLGQAAIKGLAS,1
RIGVLLARLPKLFSLFKLMGKKV,1
GLFGKSSVWGRKYYVDLAGCAKA,1
FLPLVRVAAKLIPSVVCAISKRC,1
ITCQQVTSELGPCVPYLTGQGIP,1
LAFVAGVAAEMMQHVYCAASKKC,1
FIHHIIGGLFSVGKHIHGLIHGH,1
FLSGILKLAFKIPSVLCAVLKNC,1
GFRDVLKGAAKAFVKTVAGHIAN,1
ALWKNMLKGIGKLAGKAALGAVK,1
GFKEVLKADLGSLVKGIAAHVAN,1
GFKEVLKAGLGSLVKGIPAHVAN,1
GLLSGILGAGKHIVCGLTGCAKA,1
GLLRASSVWGRKYYVDLAGCAKA,1
GIGSILGVIAKGLPTLISWIKNR,1
LPFVAGVAAEMMQHVYCAASKKC,1
LLGDFFRKSKEKIGKEFKRIVQR,1
EQEENVVKIQAFWKGYKQRKEYM,1
DNTDSVVKIQSWFRMATARKSYL,1
ANVGFVIQLQARLRGFLVRQKFA,1
TWLPAVIKIQAHWRGYRQRKIYL,1
ANLDAIIKIQAWARMWAARRQYL,1
KNVNSIVKIQAFFRARKAQDDYR,1
RIKRFWPVVIRTVVAGYNLYRAI,1
EQCGRQAGGATCPNNLCCSQYGY,1
ATKVKAKQRGKEKVSSGRPGQHN,1
GLKDIFKAGLGSLVKNIAAHVAN,1
LFKLLGKIIHHVGNFVHGFSHVF,1
GLLSGILNTAGGLLGNLIGSLSN,1
GLLSGILNSAGGLLGNLIGSLSN,1
SNMIEGVFAKGFKKASHLFKGIG,1
RFWPVVIRTVVAGYNLYRAIKKK,1
GFLDVVKHIGKAALGAVTHLINQ,1
FRSGILKLASKIPSVLCAVLKNC,1
FIHHIIGGLFSAGKAIHRLIRRR,1
HHIIGGLFSAGKAIHRLIRRRRR,1
ALWKKILKNAGKAALNKINQIVQ,1
ALWKDILKNLLKAALNEINQIVQ,1
VGSRYLCTPGSCWKLVCFTTTVK,1
VEVQVRDKGKGIYGLSPLRQPAP,1
VIPFVASVAAEMQHVYCAASRKC,1
TKCFQWQRNMRKVRGPPVSCIKR,1
SRWPSPGRPRPFPGRPKPIFRPR,1
RMKKLGNHKVSCERNTKRCRKAI,1
RPKHPIKHQGLPQEVLNENLLRF,1
RIIDLLWRVWRPWKPKFVTVWVR,1
RIIDLLWRVRRPQWPKFVTVWVR,1
RIIDLLWRVWRPWWPKFVTVWVR,1
RIIDLLWRVWRPQKPKFVTVWVR,1
RIIDLLWRVRRPWKPKFVTVWVR,1
RIIDLLWRVRRPWWPKFVTVWVR,1
RIIDLLWRVRRPQKPKFVTVWVR,1
RAGLQFPVGGIGKFLHSAKKFGK,1
RCPGHTRQIGTSFGPRVKSCRKW,1
NPKVAHCASQIGRSTAWGAVSGA,1
FLPMLAGLAANFLPKLFCKITKKC,1
FLPLAVSLAANFLPKLFCKITKKC,1
FLPMLAGLAANLLPKLFCKITKKC,1
FLPMLAGLAANFLPELFCKITKKC,1
SLKDKVKSMGEKLKQYIQTWKAKF,1
FLPLLAGLAANFLPTIICKISYKC,1
FWGALIKGAAKLIPSVVGLFKKKQ,1
GLNTLKKVFQGLHEAIKLINNHVQ,1
GLNALKKVFQGIHEAIKLINNHVQ,1
GVLSNVIGYLKKLGTGALNAVLKQ,1
FLGALFKVASKVLPSVFCAITKKC,1
FLPIIAGIAAKVFPKIFCAISKKC,1
FLGLLFHGVHHVGKWIHGLIHGHH,1
FLPAIAGMAAKFLPKIFCAISKKC,1
FLPAIAGVAAKFLPKIFCAISKKC,1
FLPIIAGVAAKVFPKIFCAISKKC,1
FLPIIASVAAKVFSKIFCAISKKC,1
FLPIIASVAANVFSKIFCAISKKC,1
FLPIIASVAAKVFPKIFCAISKKC,1
FLPILASLAAKFGPKLFCLVTKKC,1
FLPILASLAAKLGPKLFCLVTKKC,1
FLPILASLAATLGPKLLCLITKKC,1
VIPFVASVAAEMMQHVYCAASKKC,1
GLLNGLALRLGKRALKKIIKRLCR,1
GKGRWLERIGKAGGIIIGGALDHL,1
FLGALIKGAIHGGRFIHGMIQNHH,1
DSHAKRHHGYKRKFHEKHHSHRGY,1
RILSILRHQNLLKELQDLALQGAK,1
ILKKFMLHRGTKVYKMRTLSKRSH,1
FGSLFSLGSKLLPTVFKLFSRKKQ,1
FGSLFSLGSKLLPSVFKLFSRKKQ,1
MFFSSKKCKTVSKTFRGPCVRNAN,1
FLPLIAGLAANFLPKIFCAITKKC,1
FLPVIAGVAAKFLPKIFCAITKKC,1
GIFSNMYARTPAGYFRGPAGYAAN,1
GFRDVLKGAAKQFVKTVAGHIANI,1
GFKDWIKGAAKKLIKTVAANIANQ,1
GFKDWIKGAAKKLIKTVASSIANE,1
FFGTALKIAANVLPTAICKILKKC,1
FLPIIAGIAAKFLPKIFCTISKKC,1
FLPILAGLAAKLVPKVFCSITKKC,1
FLPILAGLAANILPKVFCSITKKC,1
FLPVLARLAVKFLPSIVCAATKKC,1
DSHEKRHHEHRRKFHEKHHSHRGY,1
FLPVLTGLTPSIVPKLVCLLTKKC,1
FLPVLAGLTPSIVPKLVCLLTKKC,1
DSMGAVKLAKLLIDKMKCEVTKAC,1
VIVFVASVAAEMMQHVYCAASKKC,1
IDPFVAGVAAEMMQHVYCAASKKC,1
INPFVAGVAAEMMQHVYCAASKKC,1
ILPFVAGVAAEMMKHVYCAASKKC,1
IIPFVAGVAAEMMEHVYCAASKKC,1
QLPFVAGVACEMCQCVYCAASKKC,1
ILPFVAGVAAEMMEHVYCAASKKC,1
ILPFVAGVAAMEMEHVYCAASKKC,1
FLPAVLLVATHVLPTVFCAITRKC,1
IPWKLPATFRPVERPFSKPFCRKD,1
FIGPVLKIAAGILPTAICKIFKKC,1
FVGPVLKIAAGILPTAICKIYKKC,1
FLGPIIKIATGILPTAICKFLKKC,1
FLSTLLKVAFKVVPTLFCPITKKC,1
GLKDKFKSMGEKLKQYIQTWKAKF,1
GIKDWIKGAAKKLIKTVASHIANQ,1
FFPIIAGMAAKLIPSLFCKITKKC,1
FLPIIAGMAAKVIPSLFCAITKKC,1
FLPIIASVAAKLIPSIVCRITKKC,1
TLQPPSALRRRHYHHALPPSRHYP,1
ILELAGNAARDNKKTRIIPRHLQL,1
GIKDWIKGAAKKLIKTVASNIANQ,1
FLGAIAGVAAKFLPKVFCFITKKC,1
FLPVIASVAAKVLPKVFCFITKKC,1
FLPLIAGVAANFLPKIFCLISKKC,1
FLPLIAGVAASILPKIFCFITKKC,1
FLSTALKVAANVVPTLFCKITKKC,1
FLPIVAGLAANFLPKIVCKITKKC,1
FLSTLLNVASNVVPTLICKITKKC,1
FLSTLLNVASKVVPTLFCKITKKC,1
FLPMLAGLAANFLPKIVCKITKKC,1
FLPIIAGVAAKVLPKLFCAITKKC,1
FLPVIAGLAAKVLPKLFCAITKKC,1
FLPAIVGAAAKFLPKIFCAISKKC,1
FLPIIAGAAAKVVEKIFCAISKKC,1
FLPLIASLAANFVPKIFCKITKKC,1
FLPLIASVAANLVPKIFCKITKKC,1
FLPAVIRVAANVLPTAFCAISKKC,1
ILPFVAGVAAEMMQHVYCAASKKC,1
FLPAVIRVAANVLPTVFCAISKKC,1
RIKRFWPVVIRTVVAGYNLYRAIK,1
FFPNVASVPGQVLKKIFCAISKKC,1
FLPIIAGVAAKVLPKIFCAISKKC,1
FLPVIAGVAANFLPKLFCAISKKC,1
FLPIIAGAAAKVVQKIFCAISKKC,1
FFGTALKIAANILPTAICKILKKC,1
FFPMLAGVAARVVPKVICLITKKC,1
KRFWPVVIRTVVAGYNLYRAIKKK,1
IWSFLIKAATKLLPSLFGGGKKDS,1
FLPLLAGLAANFLPKIFCKITRKC,1
WRSLGRTLLRLSHALKPLARRSGW,1
WLNALKKVFQGIHEAIKLIWNHVQ,1
WLNALKKVWQGIHEAIKLIWNWVQ,1
WLNALKKVFQGIHEAIKLIWNWVQ,1
WLNALKKVFQGIHEAIKLINNHVQ,1
VTSWSLCTPGCTSPGGGSNCSFCC,1
VIPFVASVAAEMMHHVYCAASKRC,1
VIPFVASVAAEMMQHVYCAASKRC,1
TAEDLARYYSALRHYINLITRQRY,1
SWIKKDKFPSSTGPYNPNPPPPRF,1
SPEEARVKILTAIPEMREEDLSEE,1
SPAGCRFCCGCCPNMRGCGVCCRF,1
RWGKWFKKATHVGKHVGKAALTAY,1
RRWVRRVRRWVRRVVRVVRRWVRR,1
RRIRPRPPRLPRPRPRPLPFPRPG,1
RPPIRPPIFPPIRPPFRPPLGPFP,1
RNGCIVDPRCPYQQCRRPLYCRRR,1
RKGWFKAMKSIAKFIAKEKLKEHL,1
RFRPPIRRPPIRPPFRPPFRPPVR,1
PAEDLARYYSALRHYINLITRQRY,1
LLKELWTKIKGAGKAVLGKIKGLL,1
LLKELWTKMKGAGKAVLGKIKGLL,1
KLGFENFLVKALKTVMHVPTSPLL,1
KAEDLARYYSALRHYINLITRQRY,1
IWLTALKFLGKHAAKHLAKQQLSK,1
ITSVSWCTPGCTSEGGGSGCSHCC,1
HKKHKKHKKHKKHKKHKKHKKHKK,1
GWLPTFGKILRKAMQLGPKLIQPI,1
SMWSGMWRRKLKKLRNALKKKLKGE,1
GWASKIGQTLGKIAKVGLKELIQPK,1
RSVCRQIKICRRRGGCYYKCTNRPY,1
WLGSALKIGAKLLPSVVGLFKKKKQ,1
WLGSALKIGAKLLPSVVGLFQKKKK,1
GIFSSRKCKTVSKTFRGICTRNANC,1
RWGKWFKKATHVGKHVGKAALTAYL,1
FIFHIIKGLFHAGKMIHGLVTRRRH,1
SMLSVLKNLGKVGLGFVACKINKQC,1
SMLSVLKNLGKVGLGLVACKINKQC,1
IWLTALKFLGKHAAKHLAKQQLSKL,1
ATRVVYCNRRSGSVVGGDDTVYYEG,1
RRQGPIFDTRPSPFNPNQPRPGPIY,1
GWGSIFKHGRHAAKHIGHAAVNHYL,1
DTHFPICIFCCGCCHRSKCGMCCKT,1
GIGGALLSAGKAALKGLAKGFAEHF,1
GIGGALLSAGKSALKGLAKGFAEHF,1
GVVDILKGAAKDIAGHLASKVMNKL,1
GWKSVFRKAKKVGKTVGGLALDHYL,1
GWKKWFNRAKKVGKTVGGLAVDHYL,1
SMISVLKNLGKVGLGFVACKVNKQC,1
GILKKFMLHRGTKVYKMRTLSKRSH,1
GIGGALLSAGKSALKGLAKGLAEHF,1
GIGGALLSVGKSALKGLTKGLAEHF,1
GIGGALLSAGKSALKGLAKGLAEHL,1
ISCQDVKQSLAPCLPYVTGRAPKPA,1
GLWSKIKEAAKTAGKAAMGFVNEMV,1
QSERFEQQMQGQDFSHDERFLSQAA,1
ADPTFGFTPLGLSEKANLQIMKAYD,1
PNPKVFFDMTIGGQSAGRIVMEEYA,1
GLFGVLGSIAKHVLPHVVPVIAEKL,1
FIHHIIGGLFSAGKAIHRLIRRRRR,1
GWGSFFKKAAHVGKHVGKAALTHYL,1
HVDKKVADKVLLLKQLRIMRLLTRL,1
RIKRFWPVVIRTVVAGYNLYRAIKK,1
GLFSKFAGKGIKNFLNKGVKHIGKE,1
GLFKVLGSVAKHLLPHVVPVIAEKL,1
DSHAKRHHGYKRKFHEKHHSHRGYR,1
IFGSLFSLGSKLLPSVFKLFSRKKQ,1
IFGSLFSLGSKLLPTVFKLFSRKKQ,1
GLVSDLLSTVTGLLGNLGGGGLKKI,1
IKRFWPVVIRTVVAGYNLYRAIKKK,1
FIAAIIGGLFSAGKAIHRLIRRRRR,1
FIHHIIGGLFSAGKAAHRLIRRRRR,1
FIHHIIGGLFSAGKAIHRHHRRRRR,1
AAHHIIGGLFSAGKAIHRLIRRRRR,1
FIHHIIGGAASAGKAIHRLIRRRRR,1
FIHHIIGGLFSAGKARHRLIRRRRR,1
FIHHIIGGLFSAGKAEHRLIRRRRR,1
FIHHAAGGLFSAGKAIHRLIRRRRR,1
FIHHIIGGLFSIGKIIHRLIRRRRR,1
FIHHIIGGLFSVGKHIHRLIRRRRR,1
FIHHIIGGLFSVGKHIHSLIHRRRR,1
FIHHIIGGLFSAGKAIHSLIHRRRR,1
GIGGALLSAKAALGLAKGLAEHFAN,1
VKLIQIRIWIQYVTVLQMFSMKTKQ,1
TKCFQWQRNMRKVRGPPVSCIKRDS,1
TPAEDLARYYSALRHYINLITRQRY,1
SWSSFFKKAAHSGKHVGKSASTHYL,1
SMLKVLKNLGKVGLGFVACKINKQC,1
SMLSVLKNLGKVGLGFVACKINKKC,1
SMLSVLKKLGKVGLGFVACKINKQC,1
SMLSVLKNLEKVELEFVACKINKQC,1
SMLSVLKNLGKVGLGFVAAKIAKQA,1
SMLSVLKNLKKVGLGFVACKINKQC,1
SMLSVLKNLKKVKLKFVACKINKQC,1
SMLSVLKNLGRVGLGFVACKINKQC,1
SMLSVLRNLGKVGLGFVACKINKQC,1
SMLGVLKNLGKVGLGFVACKINKQC,1
SMLSVLKNLGKVGLGFVACKIKKQC,1
SMLSVLKNLGKVGLGFVASKINKQS,1
SMLSVLKNLGKVGLGFVKCKINKQC,1
SMLAVLKNLGKVGLGFVACKINKQC,1
RWRSFFKKAAHRGKHVGKRARTHYL,1
QSHLSLCRWCCNCCHNKGCGFCCKF,1
NPAEDLARYYSALRHYINLITRQRY,1
MARSLCFMAFAILAMMLFVAYEVQA,1
MARSICFFAVAILALMLFAAYDAEA,1
MARSICFFAVAILALMLFAAYETEA,1
LDVKKIICVACKIKPNPACKKICPK,1
LDVKKIICVACKIRPNPACKKICPK,1
KRRGSVTTRYQFLMIHLLRPKKLFA,1
GLFGKLIKKFGRKAISYAVKKARGKH,1
GLFGKLIKKFGRKAISYAVKKARGKN,1
SIITMTKEAKLPQLWKQIACRLYNTC,1
SIITMTKEAKLPQSWKQIACRLYNTC,1
GIWGTLAKIGIKAVPRVISMLKKKKQ,1
GIWGTALKWGVKLLPKLVGMAQTKKQ,1
HRHQGPIFDTRPSPFNPNQPRPGPIY,1
GLVTSLIKGAGKLLGGLFGSVTGGQS,1
GWKSVFRKAKKVGKTVGGLALDHYLG,1
GWKKWFNRAKKVGKTVGGLAVDHYLG,1
GWGSIFKHIFKAGKFIHGAIQAHNDG,1
GFLGILFHGVHHGRKKALQMNSERRS,1
GRRKRKWLRRIGKGVKIIGGAALDHL,1
AGWGSIFKHIFKAGKFIHGAIQAHND,1
GFLGILFHGVHHGRKKALHMNSERRS,1
KIKWFKTMKSLAKFLAKEQMKKHLGE,1
SIITTTKEAKLPQLWKQIACRLYNTC,1
SIITMTREAKLPQLWKQIACRLYNTC,1
RIKRFWPVVIRTVVAGYNLYRAIKKK,1
AKAWGIPPHVIPQIVPVRIRPLCGNV,1
FIPGLRRLFATVVPTVVCAINKLPPG,1
GIGAVLKVLTTGLPALISWIKRKRQQ,1
DRCSQQCQHHRDPDRKQQCMRECRRH,1
IDWKKVDWKKVSKKTCKVMLKACKFL,1
FFGTLFKLGSKLIPGVMKLFSKKKER,1
ATYRTGRATRESLSGVEISGRLYRLR,1
VIDDLKKVAKKVRRELLCKKHHKKLN,1
VAIYGRDDRSDVCRQVQHNWLVCDTY,1
TWARNCYNVCRLPGTISREICAKKCD,1
TWARNCYNVCRLPGTISREICAKKCR,1
TRWLWLLRGGLKAAGWGIRAHLNRNQ,1
SVDGKEDLIWKLLSKAQEKFGKNKSR,1
SMWSGMWRRKLKKLRNALKKKLKGEK,1
SIITMTKEAKLPQLWKQIACRLGNTC,1
SIITGTKEAKLPQLWKQIACRLYNTC,1
SIITMTKEAKLPQLGKQIACRLYNTC,1
SIITGTKEAKLGQLGKQIACRLGNTC,1
SIITMTKEAKLGQLWKQIACRLYNTC,1
RWKIFKKIEKMGGSYCNRRTGKCQRM,1
RRRFVAQQNAIHSRVSRQVPTLSNSV,1
RRGYGLKLALAKDGWALMLRLGFGRR,1
RRRFVAEQDAIHSRVSREVPTLSDSV,1
RRGGGLELALAKDGWALMLDLGAGRR,1
RRGAGLGLALAKDGWALMLKLGFGRR,1
RRRPRPPYLPRPRPPPFFPPRLPPRI,1
RRGFSLKLALAKDGWALMLRLGYGRR,1
RILTMTKRVKMPQLYKQIVCRLFKTC,1
RDWERREFERRQNELRREQEQRREEL,1
RFRLPFRRPPIRIHPPPFYPPFRRFL,1
RAPAEDLARYYSALRHYINLITRQRY,1
QGSPARCRFCCRCCPRMRGCGICCRF,1
NKLAYNMGHYAGKATIFGLAAWALLA,1
NAPAEDLARYYSALRHYINLITRQRY,1
GIGSAILSAGKSALKGLAKGLAEHFAN,1
AGETHTVMINHAGRGAPKLVVGGKKLS,1
GRFKRFRKKFKKLFKKLSPVIPLLHLG,1
GIGTKILGGVKTALKGALKELASTYAN,1
GIGTKILGGVKTALKGALKELASTYVN,1
GIGGKILSGLKTALKGAAKELASTYLH,1
GIGGVLLSAGKAALKGLAKVLAEKYAN,1
SIGAKILGGVKTFFKGALKELASTYLQ,1
GLFLDTLKGLAGKLLQGLKCIKAGCKP,1
QKLCERPSGTWSGVCGNNNACKNQCIN,1
ALWMTLLKKVLKAAAKALNAVLVGANA,1
KIKWFKTMKSIAKFIAKEQMKKHLGGE,1
RDWERREFERRQNELRREQEQRREELL,1
GFLGPLLKLAAKGVAKVIPHLIPSRQQ,1
DVLKKIGTVALHAGKAALGAVADTISQ,1
GIGGALLSAGKSALKGLAKGLAEHFAN,1
GIGAKILGGVKTALKGALKELASTYVN,1
GIGGALLSAGKSALKGLAKGLAEHFAS,1
GIGRKFLGGVKTTFRCGVKDFASKHLY,1
GIGGALLSAGKSALKGLAKGLVEHFAN,1
GIGTKIIGGLKTAVKGALKELASTYVN,1
GIGTKILGGLKTAVKGALKELASTYVN,1
LMDTVKNVAKNLAGHMLDKLKCKITGC,1
GLLDTKNTAKNLAVGLLDKIKCKMTGC,1
GIMDTVKNAAKDLAGQLDKLKCRITGC,1
GIGTKILGGVKAALKGALKELASTYVN,1
GIGTKFLGGVKTALKGALKELASTYVN,1
GIGGKILGGLKTALKGAAKELASTYLH,1
GIGTKFLGGVKTALKGALKELAFTYVN,1
GIGGKILGGLRTALKGAAKELAATYLH,1
GIGGVLLSAGKAALKGLTKVLAEKYAN,1
GIGGVLLGAGKATLKGLAKVLAEKYAN,1
SIGAKILGGVKTFFKGALKELAFTYLQ,1
GIGGALLSVGKLALKGLANVLADKFAN,1
GLPRKILCAIAKKKGKCKGPLKLVCKC,1
DLWNSIKDMAAAAGRAALNAVTGMVNQ,1
RKFHEKHHSHREFPFYGDYGSNYLYDN,1
FWSFLVKAASKILPSLIGGGDDNKSSS,1
FFVLKFLLKWAGKVGLEHLACKFKNWC,1
KILRGVCKKIMRTFLRRISKDILTGKK,1
KILRGVCKKIMRPFLRRISKDILTGKK,1
KILPGVCKKIMRPFLRRISKDILTGKK,1
GIGGALLNVGKVALKGLAKGLAEHFAN,1
SVLSTITDMAKAAGRAALNAITGLVNQ,1
STIVCVSLRICNWSLRFCPSFKVRCPM,1
SLFGTFAKMALKGASKLIPHLLPSRQQ,1
SAISCGETCFKFKCYTPRCSCSYPVCK,1
RRLDRGGVWNLNVNPGTTGARVWARTK,1
RFGRFLRKIRRFRPKVTITIQGSARFG,1
MRKEFHNVLSSGQLLADKRPARDYNRK,1
GFFGKMKEYFKKFGASFKRRFANLKKRL,1
GLLDTIKGVAKTVAASMLDKLKCKISGC,1
GLLDAIKDTAQNLFANVLDKIKCKFTKC,1
GGLRSLGRKILRAWKKYGPIIVPIIRIG,1
ATAWDFGPHGLLPIRPIRIRPLCGKDKS,1
GYGGHGGHGGHGGHGGHGGHGHGGGGHG,1
GKQYFPKVGGRLSGKAPLAAKTHRRLKP,1
GLMDVFKGAAKNLLASALDKIRCKVTKC,1
GILDTIKNAAKTVAVGLLEKIKCKMTGC,1
GIMDSVKGVAKNLAAKLLEKLKCKITGC,1
HSDAVFTDNYTRLRKQMAVKKYLNSILN,1
GIMDSIKGLGKNLAGQLLDKLKCKITGC,1
GLFDSIKNVAKNVAAGLLDKLKCKITGC,1
GIMDTIKDTAKTVAVGLLDKIKCKITGC,1
GIMDTIKNTAKTVAVGLLDKIKCKITGC,1
GLMDTVKNAAKNLAGQLLDTIKCKITGC,1
GLGSLLGKAFKIGLKTVGKMMGGAPREQ,1
IKIPAVVKDTLKKVAKGVLSAVAGALTQ,1
IKIPAFVKDTLKKVAKGVISAVAGALTQ,1
ALWKTLLKNVGKAAGKAALNAVTDMVNQ,1
GLLDTIKNTAKNLAVGLLDKIKCKMTGC,1
GIMDSVKNVAKNIAGQLLDKLKCKITGC,1
GLMDTIKGVAKTVAASWLDKLKCKITGC,1
GLADYWRTAFRANFANLGPGIRCKSARC,1
IQCGESCVWIPCISSAWGCSCKNKICSS,1
AVWKDFLKNIGKAAGKAVLNSVTDMVNE,1
GLWKSLLKNVGKAAGKAALNAVTDMVNQ,1
ALWMTLLKKVLKAAAKAALNAVLVGANA,1
VLLVTLTRLHQRGVIYRKWRHFSGRKYR,1
SCYVLPCFTVGCTCTSSQCFKNGTACGE,1
RGLRRLGRKIAHGVKKYGPTVKRIKRKA,1
RGLRRLGRKIAHGVKKYGATVLRIIRIA,1
RGLRRLGRKIAHGVKKYGPTVLRIIRIA,1
RCLPAGKTCVRGPMRVPCCGSCSQNKCT,1
LTTKLWSSWGYYLGKKARWNLKHPYVQF,1
KVNVNAIKKGGKAIGKGFKVISAASTAH,1
KRGFLDVVKHIGKAALGAVTHLINQGEQ,1
KKCKFFCKVKKKIKSIGFQIPIVSIPFK,1
IKIPPIVKDTLKKVAKGVLSTIAGALST,1
GSLCGDTCFVLGCNDSSCSCNYPICVKD,1
GLWSTIKNVGKEAAIAAGKAALGALGEQ,1
GLWSTIKNVGKEAAIAAGKAVLGSLGEQ,1
GLMDTVKNAAKNLAGQLLDRLKCKITGC,1
GLMDTVKNVAKNLAGHMLDKLKCKITGC,1
GLMDTIKGVAKNVAASLLEKLKCKVTGC,1
GLMDTVKNAAKNLAGQLLDTIKCKMTGC,1
GLGSLLGKAFKFGLKTVGKMMGGAPREQ,1
VCGETCVGGTCNTPGCTCSWPVCTRNGLP,1
DFKDWMKTAGEWLKKKGPGILKAAMAAAT,1
CSCRTSSCRFGERLSGACRLNGRIYRLCC,1
GLWSKIKTAGKSVAKAAAKAAVKAVTNAV,1
GFMDTAKNAAKNVAVTLLDNLKCKITKAC,1
RGLRRLGRKIAHGVKKYGPTVLRIIRIAG,1
VGECVRGRCPSGMCCSQFGYCGKGPKYCG,1
RQKDKRPYSERKNQYTGPQFLYPPERIPP,1
GLPVCGETCVGGTCNTPGCTCSWPVCTRN,1
GFMDTAKNVAKNVAVTLLDNLKCKITKAC,1
RVRRFWPLVPVAINTVAAGINLYKAIRRK,1
GFMNTAKNVAKNVAVTLLDNLKCKITGGC,1
GFMDTAKNVAKNMAGNLLDNLKCKITKAC,1
GFMDTAKNVAKNEAGNLLDNLKCKITKAC,1
GFMATAKNVAKNMDVTLLDNLKCKITKAC,1
IKLSPETKDNLKKVLKGAIKGAIAVAKMV,1
LKIPGFVKDTLKKVAKGIFSAVAGAMTPS,1
SGTSEKERESGRLLGVVKRLIVCFRSPFP,1
TVVRRRGRSPRRRTPSPRRRRSQSPRRRR,1
GFMDTAKNVAKNVAVTLLDKLKCKITGGC,1
GFMDTAKNVAKNMAVTLLDNLKCKITKAC,1
GLWNSIKIAGKKLFVNVLDKIRCKVAGGC,1
GLWDSIKIAGKKLFVNVLDKIRCKVAGGC,1
GLWNSIKIAGKNLFVNVLDKIRCKVAGGC,1
GLWNSIKIAGKKLFVNVLDKIRSKVAGGS,1
GLPVCGETCAGGTCNTPGCSCSWPICTRN,1
GLWSKIKEAGKAVLTAAGKAALGAVSDAV,1
GLWSKIKETGKEAAKAAGKAALNKIAEAV,1
GLWDTIKQAGKKIFLSVLDKIRCKVAGGC,1
CYCRIPACIAGERRYGTCIYQGRLWAFCC,1
GLVSGLLNTAGGLLGDLLGSLGSLSGGES,1
SGTSEKERESGRLLGVVKRLIVGFRSPFR,1
SGTPEKERESGRLLGVVKRYIVCVRNPCP,1
SGTSEKERESERLLGVVNPLIKCFRSPCP,1
KRIRFFERIRDRLRDLGNRIKNRIRDFFS,1
GVKELFGKAWGLVKKHLPKACGLLGYVKQ,1
VLSKSLCTPGCITGPLQTCYLCFPTFAKC,1
VNHALCAAHCIARRYRGGYCNSKAVCVCR,1
VCGETCFGGTCNTPGCSCTWPICTRDGLP,1
TRSRWRRFIRGAGRFARRYGWRIALGLVG,1
TCVGGTCNTPGCSCSWPVCTRNGLPICGE,1
TCTLGTCYTAGCSCSWPVCTRNGVPICGE,1
TCVGGTCNTPGCSCSWPVCTRNGVPICGE,1
TCVGGSCNTPGCSCSWPVCTRNGLPICGE,1
SIGSAFKKALPVAKKIGKAALPIAKAALP,1
SIGSALKKALPVAKKIGKIALPIAKAALP,1
RRIPRPILLPWRPPRPIPRPQPQPIPRWL,1
RKCNFLCKLKEKLRTVITSHIDKVLRPQG,1
PLPFPRPGPRPIPRPLPFPRPGPRPIPRP,1
LVKDNPLDISPKQVQALCTDLVIRCMCCC,1
MAKFASIIVLLFVALVVFAAFEEPTMVEA,1
MAKSATIVTLFFAALVFFAALEAPMVVEA,1
LLGDFFRKSKEKIGKEFKRIVQRIKDFLR,1
KYHSGPSDKSKVISGKCEWQGGQLNCIAT,1
KRNGFRKFMRRLKKFFAGGGSSIAHIKLH,1
KLWKLFKKIGIGAVLKVLTTGLPALKLTK,1
KNNFCQVLYVWLLRLGKQCFVKFSKDVET,1
KQEGRDHDKSKGHFHMIVIHHKGGQAHHG,1
KCKWWNISCDLGNNGHVCTLSHECQVSCN,1
IPAMEPAARVKRSPGYGGCSPRWACGGYG,1
IKLSKETKKNLKKVLKGAIKGAIAVAKMV,1
IKLSPETKKNLKKVLKGAIKGAIAVAKMV,1
IKLSKKTKDNLKKVLKGAIKGAIAVAKMV,1
IKIPSFFRNILKKVGKEAVSLIAGALKQS,1
IKLSKETKDNLKKVLKGAIKGAIAVAKMV,1
IKLSPKTKDNLKKVLKGAIKGAIAVAKMV,1
IKLSPKTKKNLKKVLKGAIKGAIAVAKMV,1
ICGETCVGGTCNTPGCSCSWPVCTRNGLP,1
HNKQEGRDHDKSKGHFHRVVIHHKGGKAH,1
GNIPCGESCIFFPCFNPGCSCKDNLCYYN,1
GLWSTIKQKGKEAAIAAAKAAGQAALGAL,1
VGECVRGRCPSGMCCSQFGYCGKGPKYCGR,1
GIPCGESCVWIPCISAALGCSCKNKVCYRN,1
GWKDWAKKAGGWLKKKGPGMAKAALKAAMQ,1
GWKDWLKKGKEWLKAKGPGIVKAALQAATQ,1
GWKDWLNKGKEWLKKKGPGIMKAALKAATQ,1
DCYCRIPACIAGERRYGTCIYQGRLWAFCC,1
ACYCRIPACLAGERRYGTCFYLGRVWAFCC,1
ACYCRIPACLAGERRYGTCFYRRRVWAFCC,1
ACYCRIPACLAGERRYGTCFYLRRVWAFCC,1
ALWKNMLKGIGKLAGKAALGAVKKLVGAES,1
ACYCRIPACLAGERRYGTCFYMGRVWAFCC,1
AGECVQGRCPSGMCCSQFGYCGRGPKYCGR,1
TLRGDERILSILRHQNLLKELQDLALQGAK,1
ANFEIVNNCPYTVWAAASPGGGRRLDRGQT,1
ACYCRIPACLAGERRYGTCIYQGRLWAFCC,1
KFFRKLKKSVKKRAKEFFKKPRVIGVSIPF,1
RCICTTRTCRFPYRRLGTCIFQNRVYTFCC,1
WLSKTAKKLENSAKKRISEGIAIAIKGGSR,1
WLSKTYKKLENSAKKRISEGIAIAIQGGPR,1
WLSKTYKKLENSAKKRISEGVAIAILGGLR,1
GAGSQEERMQGQMEGQDFSHEERFLSMVRE,1
KSKEKIGKEFKRIVQRIKDFLRNLVPRTES,1
GWFKKAWRKVKNAGRRVLKGVGIHYGVGLI,1
DSHEERRQGRHGHHEYGRKFHEKHHSHRGY,1
GAFGNFLKGVAKKAGLKILSIAQCKLSGTC,1
GAFGNFLKGVAKKAGLKILSIAQCKLFGTC,1
AISCGQVSSAIGPCLSYARGQGSAPSAGCC,1
GLFKTLIKGAGKMLGHVAKQFLGSQGQPES,1
LKKLKGRVSRSFLFFVKLRPAKRTLKKRIL,1
AFFARLLASVRAAVKAFAKKPRLIGLSTLL,1
KFFARLLASVRAAVKKFRKKPRLIGLSTLL,1
KFFKRLLKSVRRAVKKFRKKPRLIGLSTLL,1
QDYCAQEGQQEVQRKDLSDLERYLRQSRQR,1
IRNSLTCRFNFGICLPKRCPGRMRQIGTCF,1
ACYCRIPACFAGERRYGTCFYLGRVWAFCC,1
TDHQMAQSACIGVSQDNAYASAIPRDCHGG,1
SGECNMYGRCPPGYCCSKFGYCGGVRAYCG,1
GLPVCGETCFGGTCNTPGCTCDPWPVCTRN,1
GWFKKAWRKVKNAGRVLKGVGIHYGVGLIG,1
KFFKKLKNSVKKRAKKFFKKPKVIGVTFPF,1
KFFKKLKNSVKKRAKKFFKKPRVIGVSIPF,1
ACYCRIPACIAGERRYGTCIYQGRLWAFCC,1
GILTDTLKGAAKNVAGVLLDKLKCKITGGC,1
GILLNTLKGAAKNVAGVLLDKLKCKITGGC,1
GFFDRIKALTKNVTLELLNTITCKLPVTPP,1
YDPEAASAPGSGNPCHEASAAQKENAGEDP,1
VGECVRGRCPSGMCCSQAGYCGKGPKYCGR,1
VGECVRGRCPSGMCCSQWGYCGKGPKYCGR,1
TCFGGTCNTPGCSCETWPVCSRNGLPVCGE,1
TCGETCFGGTCNTPGCTCDPWPICTRDGLP,1
SWFSRTVHNVGNAVRKGIHAGQGVCSGLGL,1
STPACAIGVVGITVAVTGISTACTSRCINK,1
TCFGGTCNTPGCSCDPWPVCSRNGVPVCGE,1
TCFGGTCNTPGCSCDPWPMCSRNGLPVCGE,1
SISCGETCTTFNCWIPNCKCNHHDKVCYWN,1
SCVFIPCLTTVAGCSCKNKVCYRNGIPCGE,1
SCVFIPCISAAIGCSCKNKVCYRNGFPCGE,1
RRRSVGQQNAIPSHIQVNKFFLRKPAKQHI,1
RRRSVGEEDAIPSHIEVNKFFLRKPAKEHI,1
RRRFVVQQNTISPRLQVNQRFLPNSVQQQI,1
RRRFVVQQDTISPRLEVDERFLPNSVQEQI,1
RCICTTRTCRFPYRRLGTCLFQNRVYTFCC,1
PPCRGIFCRRVGSSSAIARPGKTLSTFITV,1
KWKKFIKKIGIGAVLKVLTTGLPALKLTKK,1
ILQKAVLDCLKAAGSSLSKAAITAIYNKIT,1
HRRSVAHQEEASLHVKTDELPSPDTVREQL,1
HRRSVAHQQQASLHVKTNQLPSPNTVRQQL,1
GWFKKTFHKVSHAVKSGIHAGQRGCSALGF,1
GWWRRTVDKVRNAGRKVAGFASKACGALGH,1
GTPCAESCVYLPCFTGVIGCTCKDKVCYLN,1
GTPCGESCVYIPCFTAVVGCTCKDKVCYLN,1
GTRCGETCFVLPCWSAKFGCYCQKGFCYRN,1
GVITDALKGAAKTVAAELLRKAHCKLTNSC,1
GVIIDTLKGAAKTVAAELLRKAHCKLTNSC,1
GNAACVIGCIGSCVISEGIGSLVGTAFTLG,1
GLPCGETTCFTGKCYTPGCSCSYPICKKIN,1
GLPVCGESCFGGTCNTPGCACDPWPVCTRD,1
GLPTCGETCFGGTCNTPGCSCSSWPICTRD,1
GLPCGESCVFIPCITTVVGCSCKNKVCYNN,1
GLPTCGETCFGGTCNTPGCTCDPWPVCTHN,1
GLPVCGETCFGGTCNTPGCACDPWPVCTRD,1
GLLLDTVKGAAKNVAGILLNKLKCKMTGDC,1
GLKDWVKIAGGWLKKKGPGILKAAMAAATQ,1
TITST,0
SQEIV,0
YMDIV,0
WIGRW,0
MFSPQ,0
MTTDD,0
ADLFLR,0
SPEFTV,0
MAHDLP,0
NPTNLH,0
FAPCPK,0
MKTNPL,0
MERQVL,0
FVSTYK,0
GAPMFV,0
GSPMFV,0
DSTNTV,0
RIGIIF,0
MVHLTL,0
NIQSFS,0
GETEDV,0
LTITSY,0
TSISDS,0
GWNDNK,0
ETITYV,0
TSISDG,0
GNEFIA,0
LTIISY,0
AQEIFS,0
AGEIFT,0
IRMDIV,0
PILVWQ,0
LDPTGT,0
LIPNRT,0
TAISDS,0
SSISDT,0
TIISDS,0
AVTIAV,0
DSLTQF,0
SATDFD,0
SMTSDD,0
APQSIW,0
AVMNPE,0
IHMDIV,0
VDTFPG,0
SWENNK,0
TDVQLQ,0
ESIAYV,0
LNQYLTE,0
NLELVVQ,0
TWELIAQ,0
LISLGWA,0
GQQFQYD,0
NLEIIAQ,0
IFTLGWA,0
LFTFAWA,0
IELLLFG,0
NIELITQ,0
NSNLTAL,0
DLEVIAQ,0
NIDILSQ,0
NLEIVAQ,0
LKPSVAG,0
LFTIAWA,0
TSYEKIT,0
NFPSIFV,0
NLEVIAQ,0
NLEVLAQ,0
NLEIITQ,0
YDPPFLE,0
NTELIVQ,0
DAPAIAA,0
VGGIPTD,0
IDYVGSF,0
RATVAQPR,0
ANDLVDDK,0
QERRQSPE,0
QLFQPPFR,0
DFFFDFDR,0
TSFTLYMR,0
ERMDIIIW,0
MIPIRCFT,0
IIPVRCFT,0
MVPVRCFS,0
NNSMINPS,0
MFPVRCFT,0
IIPIRCFT,0
TPVEIRNM,0
DISGMQIN,0
ARWNVCSY,0
ARWNICSY,0
AYIIVHQR,0
DVRNCSFC,0
PGGDRTGP,0
SQPMTVDC,0
AGQEQQSS,0
QVSVQGND,0
TIVGFFRF,0
DWNRVEGN,0
SDDIVNVT,0
DPETCPCP,0
SIGIWQIA,0
NVTVEVVG,0
IIPMRCFT,0
TASSSDGA,0
ADTPSVEP,0
SDGDTNGP,0
QAKSQGGSN,0
MAPPRTSTS,0
MSQSKYRQL,0
TDVGFDGWR,0
DSDSAFLIG,0
IGSFIINPR,0
MQNQRIRIR,0
RATVNGLPA,0
EKGYNPYVR,0
MSHTVKIYD,0
KFCPEGKCV,0
MPRKGPAPK,0
SLSIMEPIR,0
FIAGLNGLR,0
SPVISYDKT,0
MQVNLRCSE,0
NPIPILTPC,0
VFEIAPSAK,0
LRLDLSNLR,0
GYGFLTTDD,0
AIFRIDEIR,0
GTVRERAIK,0
PNNNSSNQL,0
ASYRNSRSR,0
AGQEQQQPQ,0
AIRTRLGDL,0
AELPMAPVD,0
THTVKTIPD,0
QNDWQEFKE,0
RDVRPEYWM,0
RIEQINARA,0
DWNRVEGNW,0
DNYSVQNFY,0
QVYGCCELV,0
MHIVMIGVN,0
NISYVNSNK,0
ERLNSKLFV,0
MPGPFELIV,0
NNHRANDKF,0
GVEVLGGIF,0
NNWIFAILM,0
NDVTVVNCP,0
VVGSEFNNT,0
DATAGLHLG,0
SRFWNNVVK,0
PGVYLNDDE,0
VRVPKNNNE,0
NAQELRSKT,0
DIIDIRSKT,0
ANQNSSNDL,0
RVDVYDNNV,0
HATTVKNKI,0
AETHDHRVS,0
PGVFLNEDD,0
GNIRQTFIK,0
SDARITELE,0
PGVYLDDNE,0
PVRFSKVLI,0
QNDWIKLKE,0
MSDATIVNC,0
TIINSISSL,0
AMSTNRIGG,0
QPVESSAIE,0
VILNKYYSM,0
SGCWARRAR,0
PEITVSMAE,0
TDDIFSVPC,0
PFVNIRITK,0
PGGVPWSAY,0
AELPVAPFE,0
SSLPVMVLF,0
TELPVAPFE,0
AELPIAPVD,0
ASGTVKWFN,0
TVTGQVKWF,0
SVLPVVVVF,0
ETGVVKWFN,0
PQGTVKWFN,0
AVTGQVKWF,0
PPGIPRGAM,0
NTDQQKVSEI,0
SELNTKTSPA,0
DQTKRRHYSQ,0
DIKRIIEHLP,0
GVEVSNKPNV,0
NFYVNQSIII,0
SELNTKTPPA,0
DSSKAPVKLV,0
ARVTVDDCLK,0
TMINSIINIS,0
CAVAYRRSLH,0
SDEIIEVPCP,0
PRWNVCSYCG,0
ITKEMIDRIN,0
ETIIRRFSPK,0
ERRFIVYYNC,0
DENEYDEYTQ,0
DINKNEINLN,0
QVYGCCELVR,0
SGNQNGENVQ,0
FSGKEITLFA,0
TIINSISSLG,0
NGKRIQATGA,0
ARITVDDCLK,0
REGIHPDYYQ,0
AQMKIEDIRA,0
AFGDAWKQLS,0
AILRSKEIWD,0
IHVPVNANNS,0
DQIMQFVEPS,0
SPESRIVELE,0
TPDQRLTELE,0
GVDVNVIFQI,0
SEKNRVKIPL,0
WFQDVRTLKE,0
EIECPICDDG,0
NFIRQGLGIA,0
PFINIKLVPE,0
NDFVGPIVTV,0
TQTEIIITVA,0
ETEVIEVNCP,0
NNKGCIKCGS,0
AELPIAPVGR,0
QATKNAMQDC,0
PQKDPCQKQA,0
TQKIIKVEGM,0
ATGTVKWFND,0
SHGFRYDAIA,0
PQLNTAVWPT,0
PQLDTSTWFT,0
TETEIFAYIE,0
EVNILGLIAT,0
LESIINLVSS,0
TDGLMKNGNF,0
LINVSIKLIK,0
SRKTWRIFLQ,0
TLEMRMVELE,0
NAKELHDKTP,0
SLEERVMELE,0
DRFLIKLIKI,0
SLEMRIVELE,0
GTKIKTHKGT,0
YQIPDMLYNEK,0
EAEIWGRRIRA,0
TNASKPPVVNC,0
AISRGDLVRVK,0
AISRGAKVRIK,0
QTSECKVKGPI,0
AYVTIDDSEHL,0
SDEEVVDPKAT,0
TNNNNSNSNQL,0
RRCPGKNAWPE,0
AISRGDMVRIK,0
AISRGDKVRIR,0
ARRATAVTLED,0
VQIVVRDNNVE,0
VGIIVKDGESI,0
TESRQTRLQVK,0
ARVTVEDCLEK,0
SHDIATEEADD,0
CDASCDEEIIS,0
SDFENKIEELG,0
TFYNYLMRHRA,0
IIPWQEIAPET,0
TRDTPEDVSTA,0
EPRMSGSNLRF,0
IERILFPTMSG,0
SESDNCFSSSS,0
DWNRVEGNWKQ,0
NTDIISGKWTQ,0
SQPMTVQCPTC,0
NNIIDSSKYRL,0
MPGPFELIIIL,0
SFEVLEQLEAR,0
CCFDTLHIFYN,0
MATGTVKWFNA,0
AISRGDKVRIK,0
ARVTVEDCLDK,0
AHITVDDSENL,0
ARPTASDLRQL,0
SRRCSVSGKGP,0
DAIDSVVDPLR,0
ARPNASELRQL,0
SAFENFGVRQD,0
AITRGAKVRIK,0
ARPNTSEVRNL,0
SAPYKNLDRDT,0
SYYNKRNQEPL,0
ANPFENADGTY,0
SQNNFYMVEHV,0
SDIETLKAEIK,0
NRNRIYDIVQK,0
SDEPEHTAKVE,0
FRYHVKFIEPA,0
DIRLIIVLMPI,0
LRAIVVFAPII,0
GLELDNSIKAD,0
LTGYIANFSVL,0
LQSVSVMGVVI,0
IFKVFYQETLT,0
PLTVNCPICKT,0
FPKLGMGELVV,0
TIINSISSLGKI,0
LPSCYNFLKEQH,0
RGGGKKNGSNVE,0
ADQIQEILDVPR,0
DLNLRKAIYSNI,0
TTTVKCPTCQKE,0
KDYEIVFTVFSS,0
LQLTEKQLRNLT,0
ILYTVMPQEIVF,0
SDFNLRRYYTSN,0
KSKKPNFEFELK,0
IIPWQDIAPETL,0
MNKDEAGGNWKQ,0
DVNTKDGKGRIP,0
VGICSTAVSHSS,0
ALTRGGDPAPSV,0
LINLYRYCISPF,0
SFSVSCKTPKTT,0
NLIAAAIAIGLS,0
QFIAASIAAGIA,0
GLIAAAIAIGLS,0
GAAYHILGKTVY,0
ASNAAVPFWRAA,0
SRKMTGIVKTFD,0
IFKVFYQEKLTE,0
PGIVLRSDDNFD,0
SEKKQPVDLGLL,0
TNNNNTKAVPEA,0
QGVQEQIEELQM,0
FGLGGQELILIL,0
AHPKAAEVRKLT,0
IIPVRCFTCGKV,0
ILYPSIVDLMEK,0
IFKVFYQEKMTE,0
IDNWVILAIRFY,0
EAGAYLNAlIFV,0
QSVNEVAQQLFS,0
EDMWGKIGETAG,0
DACLFHCKYPGI,0
ATFSLGKHPHVE,0
AGRLVILVLRAY,0
QVLVRDNNVDQA,0
NSNDLAKRGESL,0
PREIKDIKDFLI,0
TTPKNVQVSEKT,0
TTIRVKDNEPFD,0
PIVRLKENEPFE,0
QELQQKIEDLET,0
QGVQEQIEELQT,0
IFYKQRNAHLKP,0
TDKTFADRIDAL,0
AVNEVEAKGLNP,0
QHIEADIEQLQM,0
GSFSIWHWLIVL,0
QVEAAVQRPVSS,0
QQGIHPDYHPVE,0
QADIQPNYGDMN,0
SAFENFGKRETV,0
DNIEHRVEELEM,0
FTRAQVRRILQR,0
PNQSGSNSSNQL,0
VYQSRSFQVEVS,0
PGIVVHQGEDFE,0
IYKIYYQEHPER,0
WFEILPGLSVMG,0
WFEILPGLAIMG,0
PREIKEVKDFLN,0
MRDAEERITRLE,0
NNSMINPSIVDL,0
AIERGSKVKILR,0
PLPKIDDWRELS,0
VQRGSKVRILRP,0
IYKVLFQADKTQ,0
TTISKNKTSNSK,0
PQEIKEVKDFLI,0
IYKVYYQETKIR,0
FPRSGLGLAVAA,0
SERIKQLMVKRG,0
RTRIREFRAKYG,0
FLEELKPVTREL,0
IARLLILIARAW,0
ELLNKSISVVKN,0
QVIEHKKSGKVH,0
IVPWQQISPEAL,0
REIFTGLPWWVK,0
DLIAFKNVKSKF,0
PEDKKAAAKVEP,0
AIEKSVASASIA,0
ASQCPVKNSWPE,0
TQKDWGEENQGM,0
ILKKEKKRIYIL,0
IVPLLYLALAGA,0
DQLERRIEDLEM,0
NFNLRGAVLANI,0
GSKIFCCCRKTS,0
IYKVLYQKDKIQ,0
ADNADDLFQIPK,0
EQLAQRVEDLEM,0
QGVQAQIEDLET,0
ETQKEIVFIAVE,0
PGVKVHPNESFD,0
ESVLQKIDDLEM,0
PRELTEIKEFLL,0
ARVTVEDCLENV,0
VQLEQRIEDLEM,0
DLNLRHAVIANV,0
ERKEYKVFKSGL,0
SDKKSDFEKLFE,0
SQVCDICGKGPQ,0
RLEKIAAKALEN,0
PILSKYSNEQVE,0
NLPVKIRRDWHY,0
PGLSCRFYQHKF,0
WFEILPGLAVMG,0
TGVPRVTYRVRV,0
NGDLRTPVITIF,0
AIKKGDLVKVVA,0
PVKKGEMVRAIR,0
WFEILPGIAVMG,0
SCSCGSSCGCGS,0
FCHVDVKISSKR,0
ISLPGVYLNEDD,0
TTIVLNPNEPVE,0
AFVVTSLIFAVV,0
NFTRQRTSPIHA,0
PNIRVKENEPFE,0
PEDNKAAAKVEP,0
NDLKSLKSELTS,0
TTITLKLNEPID,0
PLIQVTLIEGRT,0
ENMNMNKELIQQ,0
PIGGDVKADQET,0
TILESITKISNA,0
AHSLLSCNGIPN,0
RANELQELRVNT,0
IVPVRCFSCGKV,0
PTVQTPSQRRAN,0
GSCVSVKSISIS,0
PVCPFCGYGKSI,0
NQRKEIELLMFD,0
NHICDICKEYIS,0
SQKSHKEKLEKP,0
GSFSVWHWLIVL,0
PITSKYTNQKIE,0
VQRGSKVRILRK,0
RIYNCSYCGRPI,0
AIQSKYTNTQVE,0
IDYPININNVSG,0
RVSPSRSWSLYC,0
DFDFRLLIVLLPI,0
TCSKVYGDIISCV,0
SNTGRIPLWLVGL,0
TIEKIYPIFTVRW,0
ASTGRIPLWLVAT,0
VNTGRVPLWLVGL,0
TSQARIPLWIVAV,0
LNIQPTQSIVNNQ,0
PFPSILHLTIGRY,0
ERFIKRLSASCES,0
AGGGRIPLWIVAT,0
SEGGKIPLWIVAV,0
TMDRTSPIFTVRW,0
DWRVLVVVGPLLI,0
LNPSLVISLSTGL,0
DWRVLVVLGPILI,0
TIDKTYPIFTVRW,0
LEHLSSLPTQMDY,0
TPSLSAFLSSVIL,0
DWRVLIVLTPLLI,0
LITQHEPEQSENI,0
ASTGRIPLWLIAT,0
DRNPNPNNLPVEL,0
FAEGRIPLWLVAT,0
AGTGRIPLWLVAT,0
QVNPNPNKLPVEL,0
ERNTNPNNLPVEL,0
FAEGRIPLWIVGV,0
TLDRTFPIFTVRW,0
EFATNRVTVNDSR,0
TIERTYPIFTFRW,0
FAEGRIPLWVVGV,0
QVNPNPNKLSVEL,0
GTIVCQDCNEAIH,0
QSIKTIRCTFCNK,0
VLCVIAVVFLAFL,0
YRKFSDECFGPST,0
TGSVNGTATWVGL,0
SRSIFFFSSLFLS,0
TTEKIYPIFTVRW,0
TIDRTFPIFTVRW,0
FAEGRIPLWLVGL,0
DRNSNPNRQPVEL,0
GHRVDYFIASKAV,0
ERTPNPNRQAVEL,0
ERNQNPNRQPVEL,0
DRNQNPNRQPVEL,0
NYKAFTQIAIDLL,0
ELNSNHDGADETS,0
SAVDFLERLIKAG,0
EQQNFLSDLTGSF,0
EDANVIKSYSDVG,0
SGSGRIPLWVVAT,0
DPNCSCATGGSCT,0
FSNIGFPGLILIL,0
PFVKIDLFEGRSQ,0
GRRRGVMSDEFKY,0
SSTTSTINLSSLG,0
ELITELFDGASAP,0
SRRYSSATITLVI,0
PIVNVKLLEGRSD,0
SILKSLTSISKIS,0
PYVHVELFEGRTV,0
NKLSLVLVAGFLL,0
DLRMLYFLIYFAV,0
FGLGITEILLILG,0
SLSKEQKDTLFSL,0
PIINVKLLEGRSD,0
RKCISICFYEEEN,0
GWLADYWWVVLLV,0
DPNCSCPTGGSCT,0
NINKESIHGFLKQ,0
DIKQLREKSADEL,0
HMASKKLTRFERA,0
SEKKLKITQVRSV,0
GLSGISPLSLLLI,0
PFVTIQFLEGRSD,0
STYEELISLLRDC,0
INIVSLVCIYINS,0
SDKTIRIIQVRSV,0
DIEQLREKSADEL,0
SESETTDEPDSET,0
SEKKIKITQVRSI,0
TQAKTFKVTLVKS,0
YKKDVIDHFGTQR,0
PTTRQCSFCGHEI,0
SEKMLQVTQVRSV,0
TKRVRITLVRSTI,0
VVSHKCSFCGGDI,0
SDKKLKITQVRSI,0
PNPVKRHSRTRRN,0
GVDPLVPLRQAMF,0
SQLRVTQVRSTIG,0
TQVTIGENEGIES,0
TKGTPSFGRMSRG,0
SEQKKIKVTLVKS,0
TVKTLRVTQVRSA,0
EKRKTIKVTLVKS,0
DPCECSKTGSCNC,0
SSKGEQPLVLWYN,0
DPNCSCSTGGSCS,0
VMMKSFIVKGKFK,0
RMSKTVKVTQLKS,0
SEKMIKVTQVRSV,0
PSIKQCSFCGKEI,0
IMAELKIIQVRGT,0
PFVKIDLFEGRSE,0
IYITIFMILPCPV,0
TIAERLRQEGHQI,0
DKFCPFIKDCKK,0
PFVTIDLFEGRSQ,0
PATYAIDPTHTFA,0
SRRYSLATITLVI,0
DPNCSCATDGSCS,0
PNIFSLICICLHS,0
PNIFSLICICLNS,0
PVVHTCTYCGRSI,0
SQKKVTVRQVGSP,0
SSLKIKLVKGRAG,0
SRTSLEVKAKRKP,0
RKLKMMLCVMMLP,0
SDKKTVKVTLVKS,0
PRKGIIERWKRPK,0
PELQERIRNFLKE,0
TEVKVKKGESIDK,0
VMLFPDYIRDVNQ,0
GKKIKITLVKSTI,0
DPDCSCSTGGSCT,0
VKNTDDVSVSTPA,0
DPNCSCSTGGSCT,0
DPNCSCATRDSCA,0
DPNCSCATGNSCT,0
SACCDKCFCTKSN,0
DPNCSCATGDSCT,0
DPNCSCATGVSCT,0
DPNCSCSTGSTCT,0
DPNCSCTAGGSCA,0
DPNCSCVAGESCT,0
INIFSFICIYLHS,0
DPNCSCPTSGSCS,0
FGIGMPELIVILV,0
DLQQSETDDKQPE,0
SEKACRHCHYITS,0
NSMHLHAVRYIRV,0
IPVRCFSCGKVIS,0
DVLEYLLVLLLVI,0
RECISIHIGQAGI,0
TQAKTFKVTLTKS,0
RWLCRLIGYRYGY,0
TDLKITLIRSVAH,0
SRTSLEVKAQRKP,0
IKYAIIFAVISLI,0
SEDKGMKDKAKGL,0
PSATRKNAPKGKC,0
NETTPAFDRHMLE,0
TFINNDAYSTLGI,0
GNAVNNKDQQIDY,0
PEKTKLGNSLSFN,0
PWWKCSNCGYVFE,0
SDTTGRIPLCLIGT,0
DLRLVLVASPILLA,0
ITDMQLAIFSNVLG,0
SHSEVSQISGEWYS,0
ELGTEPNAKTSSSS,0
PTRSTNPNKQPVEL,0
MSEGGRIPLWIVAT,0
TITPSLQGFFYSIL,0
TDTTGRIPLWMIGT,0
VSMVDERAVAWRAH,0
PCPCGSGCKCASQA,0
IEPILLGMVLGFVP,0
SAGSGRIPLWVVAT,0
NRMLSLSVQSQRAP,0
GTRCSLTDTRSATY,0
NYISFPTAQHAVDK,0
RERMDEEELEAFYN,0
ISDVQLAIFSNVLG,0
FPADVILQCFGFSV,0
NIILMGLPGAGKGT,0
NVPWGLARISHRTT,0
VAHEENVRVGKDEG,0
SGSDENDVVVIGGG,0
NIAISFTQAFCTHD,0
PGAFSQNSSKRRAV,0
NDIRPLRDFEDEEA,0
TYNIKLITPEGTKE,0
RGNPEVIDYLNMLI,0
GLSDCLIYRLVVRC,0
WIYPVKSCKTEAYR,0
CGSYYGNYYGDHGY,0
SERQSAGATNGKDK,0
SEIAKWLNTRFQLT,0
RNMVNKDQVAGLAK,0
RQVVKEGFKEEKNN,0
SYYGSYYGGLGSGI,0
DSFSSLFMKLCCIS,0
IGGLGWGELLIILI,0
TYTRYERARIVGAR,0
VAYPEISWTRNGCT,0
TIVPVNGTILVQQG,0
VQTRSCDYCGDDIE,0
VCIHTENQNQGDFY,0
VSTRQCSFCGKDIL,0
PNILSLTCICFNSV,0
SERQGAGTTNGKDK,0
DPQDCKCETGASCS,0
PEEDVVDQKRYFEE,0
IPVRCFTCGKVISP,0
VGILPLFVVLLIIV,0
VTILQLLVSILILL,0
SSVCDVCGKGPGFG,0
PRMVRCSFCGREIE,0
IPVRCFTCGKVIST,0
DQRMNGVDPKMLEL,0
DINASKVDPKLLEL,0
YTFSYSTHNELLEF,0
TQHLHFRCPCCHGS,0
NAITTIKCPQCRKE,0
ERGSKVKILRKESY,0
IIAIQLLVLLLITL,0
IPVRCFTCGKVVST,0
SERQGAGATNGKDK,0
ESVAKPATTKEGSA,0
RTTAGSYRRYRRRC,0
TIIVQLLVFILVIF,0
ITREQKNEILFLVG,0
GSGTAPKGRRNHTP,0
SEVIIHEDENFERA,0
IPVRCFSCGKVISN,0
SETIVNCPTCNQDV,0
DANASRVDPKLLEL,0
DVNASKVDPKLLEL,0
TSTQNLKDKFEEEI,0
STQLDPTQLAIEFL,0
RDDTTTLRIQKELK,0
TLAYYGQPVKMCHI,0
NVSYLSKRFAEMKK,0
DVTVSKVDTKLLDL,0
EVIQISKDELEEII,0
PTFHIEMFEGRSAD,0
VREARANRSSFLKV,0
RITYKKSSIGYSQA,0
GSGTATFGKRNSTP,0
IPVRCFTCGKVIAG,0
EREGKEDVRKADHK,0
DPGECTCMSGGICI,0
TQVILGENEGIESA,0
QGTWLPPSFLAVCD,0
VRVNRENRSTFLRV,0
TIAFQLAVFASIAl,0
NWGSISSGTPGLFV,0
GTIEDVVEFLRFNG,0
TNHIHFRCPCCHGS,0
CIIVKYSQCNLFFQ,0
DDRMSNVDPKLLEL,0
NRGSISSGTPGLFV,0
IIDIEIWIQLFFFN,0
DTEEKKKTTASVEH,0
SYCFSSTVFPGCYW,0
NGRRYTTYGCSPPVT,0
QVWYDREVTAFVEPG,0
TIFLQQQQQQQQQQQ,0
GLEETYCSMRIKENI,0
ENSCRQPRTTQEKKK,0
PFAQIYMLEGRSEEQ,0
AGATGATRQDGSTDA,0
PRIVYCAFCGSPIKP,0
VFQVVCSTCGKDISH,0
PKMKSVKSAVKRFKV,0
KKQEIKKLSKDEVIK,0
NNKINNIKITQVHSA,0
SPEEILQKAIEMERE,0
AIFNNISKNSLNIKS,0
PTKPPYPREAYIVTI,0
SVFLIVLSCITLAFA,0
KANDIRDLSTTEIQD,0
VFQLICSTCGRDISE,0
NNKINNIKITQVQSA,0
AQEQTRRGGGGDDDE,0
NNKVNNIKITQIKSA,0
AKPIIPMPRSRFLRV,0
NNKINNIKITQVKSA,0
SDRQTQIPAGGGRED,0
GSGGSGSSGNFTTGS,0
VFQLVCSTCGKDISH,0
SGQQSQINAGGGNGQ,0
SDHFNFNEAFNSQTM,0
NNKINNIKITQIKSA,0
LSNPSRHISRQSATD,0
SSTSDKVKGMANEAV,0
RYTDSRKLTPETDAN,0
TPSGIYLLPKIFVIF,0
IIDSITKLNFKNKSS,0
AWLADYWWIILIILI,0
HSLKGDFVSNNVTIS,0
ARYRRHSRSRSRSRY,0
VFPLVCSTCGRDLSE,0
SQEKVQRHGGGDGEE,0
KIAEIRGMTPDQLAD,0
PQKFEQMQSAEQKHD,0
ARCRRHIRSRSRSRN,0
AHPKRRISRSRRDKR,0
AVPKRKTSRMKRGFR,0
LNFEAIIETGDQVIQ,0
LDFEAlIEAGEQLIQ,0
FHLVDFQVTIAEILI,0
SYSGSYYGGLGYGCG,0
PQEFEQIRSADQPLD,0
LILTRRIGETLMVGD,0
PTGFHRESATIYQFP,0
GCGNSTATSAGAGQG,0
KAKEMQEKSVAELQA,0
VSMKQVERQKLNQKL,0
PVPKRKTSPSRRGKR,0
KQSEVKELSVAELQE,0
NSAFVLVLTVFLVSG,0
KMWGPSQRDSFREIT,0
KFVEIKDLSVAELKK,0
KIIYIILGFLSLAIG,0
ASKKVHQINVKGFFD,0
LLLKHGRIEILDQNT,0
SDTQTRDVDPKLLEI,0
PYSPSLILMGHTHTD,0
QSGNFTLEVIMYLIN,0
GSAKDKVAGKANELA,0
VCRFVHHSRVIFISI,0
TIQIDGDVVTRLLKG,0
GAIERSGYTFQPEFS,0
SRVDWFRGVGPMSGN,0
SGRSTFGRFGPPSSE,0
SRGNQRDVDRARNLK,0
NNNINHIKITQVKSA,0
AQTCDLCGRGPAFGN,0
ADAKTIKIEQIGSPI,0
VFQLVCSTCGRDISE,0
ARITVQDAVEKVGNI,0
DPQDCACATGASCTC,0
AEKTVRVQQIGSPIR,0
GIKPSYIKNFGLELI,0
PKLRVTQIASVAGRK,0
NHPTSTGGTAFNPPR,0
TETAQAPLDPRLLSV,0
GSTSDKIAGKTNEVA,0
PTFKIKPKTGLLIRD,0
TDTTERGYDRHMLEA,0
GRNHIHKNRDKNKQK,0
IVDKRHCLQAVQNYI,0
MCIINSESFHGSQKR,0
RYTFGIVTVYLLAGC,0
SLLNSICSFSGLNRN,0
TKSAEAFRTITEVAE,0
ASTFTHDVIVMECYE,0
PIAQIHILEGRSDEQ,0
SKWEACCDRCACTKS,0
LGHSIRRFTTSVVRR,0
EKSQSSCDTRKRSVV,0
ASDCCSACICDRRAP,0
EPTTDLPICEQAFGD,0
LILTRRVGETLMIGD,0
SQIFQILVIFAILSA,0
YKIVTSQCTVCGACE,0
LGQSIRRFTTSVVRR,0
DDVKSACCDTCLCTK,0
VGGRVAHPVLKGPSE,0
LILTRKVGESVLIGD,0
WGQGVRRFTTSVVRR,0
SGNTIYFGEGSWLTVV,0
NTGELFFGEGSRLTVL,0
MNNSTKFCFSRFRTGN,0
MLNAVDAKLTTDFGQR,0
EITKFPKDQQNLIGQG,0
QKTLIFGHKNPDTDTI,0
PQTETKASVGFKAGVK,0
SNQPQHFGDGTRLSIL,0
MTRVQFKQHHHHHHPD,0
MNSVQFKNHHHHHHPD,0
MAKEKIRIRLKAYDHR,0
TNEKLFFGSGTQLSVL,0
MSIADLKSRLIKASTS,0
ASNVPKELVEKGQNRV,0
KGFGFISPADGSKDVF,0
KGFGFITPADGSKDVF,0
DFNPSEVASQVTNYIQ,0
KGFGFITPDDGSKDVF,0
KGFGFISPTDGSKDVF,0
KGFGFITQDNGGADVF,0
GPDAPGPASKRVRTAY,0
NSNYTGGEPKRSRTAY,0
GNTGGYTPVPDIDDIH,0
RLHTGEKPYHCFHCDR,0
SETITVNCPTCGKTVV,0
TKITIVKCPQCGTNVE,0
TTEITTVKCPTCKQAV,0
SEETIVNCPTCGKNV,0
SISVNCPTCQTKVEWS,0
SGVRVTDLHAGVNPGD,0
FNGEEVILFPERKTIP,0
KLIIYVKEGESIDRVL,0
PKMKTRKAVASKFRVT,0
KIDEVRGMTPDQLNEQ,0
NQNGSQIHSDGNGHSD,0
HLMYYNDKDGQRVYTL,0
SEETIVNCPTCGKTVV,0
TIIKSISIIADKSISK,0
IEVPCPICQKSVPWIN,0
SKECYFTGRKTVSSNN,0
MIPVRCFTCGNVVGEH,0
REIKIVLPELEDVVPE,0
NRDIYTQIETVGVLEK,0
PECGREAHCGDDCQSQ,0
PSSPPVVDTTNTTSYP,0
MIPVRCFTCGTVIGEH,0
ENTSITIEFSSKFWPY,0
MITRGWEGWGRRGARG,0
SKITIVQCPQCGTDVE,0
PIVHIDLIAGRSQEQL,0
MSTSYYQHIGYQDISV,0
KEYEFVRVELSTMRRR,0
SEVINVNCPTCGKAVV,0
LPHTSDTTSTFRLKTV,0
NDFWTNVFRYPRFFIS,0
TTSTNRITIEQVKSPI,0
MVPVRCFTCGTVVGEH,0
TKGTPSQGRHNKGSNH,0
TKITIVKCPQCGTDVE,0
RPEEITEMIEQLRTGA,0
NNPNIVPPHFNQHQQQ,0
NNFWTNITRYPRFFIS,0
VENPMVINNWHDKLTE,0
DFCKIDVVVSFAHSFD,0
EIIDVAYQSPEMEVGF,0
SKRIPRFLRNIQLPAG,0
RIHVDQDKCCGAGSCV,0
KWTDAQLIAEELYDRN,0
VRYRRHSRSRSRSRYR,0
SNVGTTGRIPLWLIAT,0
SNVGTSGRIPLWLVGT,0
SNTGTTGRIPLWLVAT,0
DSNFLKYLSTAPVLFT,0
NNNFTKYLSTAPVIGV,0
SNSENTGRIPLWLVLT,0
RNFEKMTKRSNRNARD,0
LQKYLWYKNNNLTGFK,0
EWTDAERSAILSLWGK,0
LTTQKCESREGKNDEI,0
TYGLLLFLGLTFGLQLM,0
SQKLSFFQQNTRNGSGA,0
ETATVFSIFISCLLLSL,0
ETATIIVIFVSSLLVGI,0
EIATLVAIFISGLLVSF,0
TTANSEEKTYPIFTVRW,0
ETATLVAIFLSGLLVSF,0
ETATLVAISISRSLVSF,0
ETATFVAIFISCLLISF,0
EPATVLSSIGVMVVAI,0
ETATVLSIFISSLLLGI,0
ETATLITIFLSGLLVSF,0
ANKPLQPISYPIFTFRW,0
RDLKTYLSVAPVLSTLW,0
AKNINQPVAYPIFTFRW,0
RFKAKCSGCSTEFKAET,0
EVNPPEAFNQDVDTYLK,0
TLRDSCTTSLKGGPRRF,0
LNFTWNVFSQTGNVDTY,0
ENSSSETYSLLIAMVTI,0
SETIEDRLLNKQVCMRC,0
SNSQAPMQAVEVRVYPI,0
QLITDMAEWSSKPFRPD,0
SNPRGNPKYFNPNHLGT,0
FDAVSDLVNAFTSINWE,0
IYDVNSPLFRSFLSQKG,0
GESFDAFSLDEDMPMET,0
QVYCNVLCRCGRGADVL,0
STDNFEKIKGRPTQKEE,0
ETATSVAISISCLLISF,0
VAYPEISWTRNGCTVAK,0
KTATTTASHACPFCSGK,0
QANRQYLFQGSLKPGPE,0
PEEVQTQDQPMETFAVQ,0
DQAIYTLHEFMLHTKNW,0
LSVTEPSLLGDGGDLEI,0
LASGAESQDRYRNTPSS,0
FFIAVRSRGFLDIHGIL,0
MSHQQVQINLILMQGIW,0
SLSPSERPDTVDRKLLD,0
PNPDNRSDNAEKLQEMV,0
SETITVNCPTCGKTVVW,0
KNDHYVFNFYFFRSKIT,0
NGQERNSISKGLQVDIV,0
KCIQIEMSFTDEYGQVT,0
TTSSERPETSVDRKLLE,0
PNAPATASNVERLGLYL,0
DIQQFRGKSVDDLKAHL,0
IVPVRCFTCGKVIGDKY,0
PKIGPMEILIIVLLVVV,0
KEGIHPQVHRAKVHCAC,0
SLQVPVAKEDNRESNSH,0
STHSTFFNRLYSIFLIF,0
VSVQINDNESIDKMLKR,0
EVNMPTTEQGQKNKQMI,0
SGHEQQRPSRREEDVEE,0
SRICDVCGKGPVVGNNV,0
LPPIRCFSCGKPLGHLW,0
KQDIHPKYNVVTVSCAC,0
CERHVGRKSTNNLNLTC,0
DKPVVWARVMKVLGRTG,0
SLPRNVIPMPRSRFLRV,0
GSGGSGSSGNFTTGSNV,0
IIPVRCFTCGKVIGDKY,0
NIEQFRAKSVDDLKAHL,0
IVPVRCFTCGKVLADKY,0
ENTENVRSGRNQREYSK,0
VSVQSNDNESIDKMLKR,0
RITEEGWAGEGKILVRY,0
KRPVVNCPQCGKSVAWD,0
CYYSNYYGGLRYGYGVL,0
TTPPERPETSVDRKLLE,0
GNTSITIEFTSKFWPYF,0
FGIGFQELLVVLVLVLL,0
KISEIREMSAQEITGKL,0
KPGIHPEYGKARVICAC,0
YEAPPDGRHLLLQPAPA,0
SDTCGNCDCADKTQCVK,0
VSVQMNDNESIDKMLKR,0
LSIRVDEHKPFDISLRN,0
VSVQINDNETIDKMLKR,0
KEGIHPKYNDVMVKCAC,0
KEGIHPNYTEVTVKCLC,0
LSRDSSQLTSFNNKDSH,0
NMRNINVITVLSVPGKT,0
TEASAPLIDVDPRLLEV,0
TTPSDRPEDTVDRKLLE,0
VDFPDIEVESIPEEIME,0
RFSNCFNKFKFCIGTEK,0
MERIQELLEQIVKWLIF,0
EKETPQQETKQSTNKES,0
PTFWENLIRYPRFFISS,0
NAPTERPETSVDPKLLE,0
SNFFTNVLRYPLFLISF,0
VSVQVNENESIDKLLKR,0
KAQAVQKLDLAGCQAQL,0
DASRASQLINSKASYVY,0
KIYQCAFCGADIPPGYG,0
IIPVRCFTCGKPLGHLY,0
RSRASAEGIAVLGLRRRG,0
VKRKANHVINGMNDAKSQ,0
RVKINLKCSECGSLNYLT,0
RIKINLQCSHCGSKNYLT,0
ARREFGKGARRCRRCGDT,0
RVKINLECSECGSNNYLT,0
SGKRVLACDICKSRNYSV,0
RKAIVCFTIDANEKSLLS,0
ARYRCCRSRSRCRRRRRR,0
TNSSSPLQAVEVRTYPIF,0
SKRGRGGTSGAKFRISLG,0
TNKNTGKDIRQNSPKEHQ,0
ARYRCCRSPSRSRCRRRR,0
GNDAFKLSSADRGDITIN,0
KDGRSFIASGNGRPCGQC,0
LGRTKLGNRNAQANNNAK,0
HNFKSTPPADSLSDDFTS,0
AKYRCGNCWREFDDEQLR,0
SNSQAPMQAVEVRVYPIF,0
MGREHDKQAQFTPDHLGT,0
AKRKANHVINGMNNAKRQ,0
LLKNWPSRRIQRDKSKRA,0
DEKQRYDAGMQVRRAVLG,0
YYYPYHGGHYYGAHYGGY,0
QVGFVSQTNCRSFPACIV,0
RGFGFVTFGDEKGFGFVT,0
ARYRCCRSQSRSRCRRRR,0
SFDNNYHGGQGYAKGGLG,0
GEKGYSYSTGDSSVTVQH,0
FTDITGAQNSIDIENLAR,0
PQMIPFFFMNQLTYGFTF,0
PQLLPFYFVNQISFAFLG,0
PQLVPFFFVNQVVYAFVI,0
PQLVPFFFVNQVVFAFIV,0
PQLVPFYFINILSFGFLI,0
TPQIIPFFFMHQFTYGFL,0
PQLIPFFFFNQVVFTLIS,0
PQLVPFYFMNQLTYGFLL,0
PDCPLICTMQYDPVCGSD,0
IINDRETGRSRGFGFVTF,0
TKRVVVVGGGFGGASTAK,0
DEEASRTARESLELVFRM,0
WSDSLVSRICVPIIVVCT,0
INKNISIQINGEPFNCSE,0
PITSKYSDEHVESILTEI,0
VLENFKWSWISVGVTVGV,0
IKFSVILGMIRCSLTHIT,0
AIQSKYSNTQVESIIAEV,0
SLMNSTNPEFIEYYHTSW,0
SSCGCGSGCSCGSGCNCK,0
SLSNEEMISNIRQKLNIV,0
TDGRRIERTSIDPKLLEL,0
GIVKKILRMTGLEKHDYV,0
KYIFISYTYYHSYSISIG,0
FSRNYNASQSQRDLKSQL,0
IFKVFYQENADEVPVREK,0
RQEIHPKYTEVTVTCSCG,0
KKDIHPNYSAVTATCTCG,0
KEGIHPNYEVVAVTCSCG,0
KADIHPTYEAIEATCSCG,0
DIVKSIDTSVDAVLDEFD,0
AILYTSEIRDMTPAEREA,0
PQVKLKEGEPVDVAIRRF,0
EQILKFLWYISTIILVFS,0
GPCNCIETNVCICGTGCS,0
AILRAKEIRGMSDKELDK,0
KKGIHPNYSEVTVTCSCG,0
KADIHPNYEAVAVTCSCG,0
DVRERNVFGNASVATPGE,0
FVLLWLTFTTQSFILFYV,0
PEKDTGGQHRATRRTEEH,0
KADIHPAYEAIEATCSCG,0
KKDLHPQYYSVAVKCETC,0
GVQKYTYTNPVLFWGIFE,0
NMKTVKCPTCGKPVPWTP,0
TKYLVEICTFHGPTRQRR,0
SEKLIVKCPTCRTEVIWD,0
KHKRMMLPHYVRVYVCVR,0
PDRKRGRQTYTRYQTLEL,0
KTGIHPDYQDMKATCSCG,0
KSFKDVKVGEIFCLDNGD,0
FLFPSLLSSFCITLRSIS,0
EQILKFFWYSSTIILIFT,0
TDVESVISSFASSARAGR,0
STNPFDDDNGAFFVLVND,0
ATRDSGGQSQTGRSQQGE,0
DIVKSIDIFVDAVLDELD,0
KRPMNAFMVWSQNERRKI,0
VNAIKGVFVSCDIPMTQF,0
DLNLRNAVIANVTGNNQD,0
AIQSKYSNAQVESIIAEL,0
IHSNISIQINGEPFNCSK,0
IFKVFYQETIDEVPVREK,0
KADIHPNYEVVAVTCSCG,0
IVHNICHPPRPHCQLKLL,0
LKRILISIIRFYQRFISP,0
AIQSKYSNTQVESIIAEL,0
GITSAGMQSRDAECGERI,0
IFKVFYQENADEAPVREK,0
DLNLRHAVIQNIANNTKE,0
AFYRRRISPIPPGQPIDY,0
VESTFEPNITTKSVGQAl,0
TVLHVQEIRDMTPAEREA,0
KLSKKKMQRIDNTLEKLF,0
DIVKSIYTSVDAVLDELD,0
DLNLRHAVIANVTGNNQE,0
PSASGHHQIPAETQRHDD,0
IAFIRLYQYCLSPFLGP,0
AQVIFNEEWMVEYGLMLR,0
HIVVCIKQFPGFGRLVSS,0
SVLINGTCFPGLFILSHL,0
ETIYDEIEIEDFTFDPVT,0
PSVVGNLVVQNSNGSFNL,0
EAMPSAWPCCDECGTCTR,0
SKGKIEIIETCCRRCGKS,0
SRSSFSPTQAFLTLQQAS,0
KEKNIEMQGTVIDTLPNT,0
KSMDKLTTGVAYGTSAGN,0
KSMDKISTGIAYGTSAGS,0
KSMDKLTTGVAYGTSAGS,0
KRKIVQNCTNDEFEDVLF,0
GAQLSGGRGAPEPAQTQP,0
SVYKVIDIIGTSPTSWEQ,0
ETYGEPGNTPDDYVHAHN,0
MRLSANRQGNTCAGRSVNA,0
TKSPDCGGILSPSGLSYFA,0
RGDKDIFTVHDILKARGEI,0
MIERELGNWKDFIEVMLRK,0
AIKVFHIVAETGIHARPAT,0
DPNATIIMLGTGTGIAPFR,0
SIVPLGLPVPIGPIVVGPR,0
DVPASIDWREYGYVTEVKD,0
MLKSEVSKQISMPLTAPAF,0
SGGGNVIMNQMNKRNHAKD,0
GFIMEFAENLILRRMEDPK,0
MDETIVTDKGVAEFSFFKF,0
DVLELTDENFESRVSSDTG,0
TSNTPNQEPVSYPIFTVRW,0
DAIQTRMVISEFEKRIRRE,0
ADKPNMTEITSFDKTKLRK,0
AEETPLQSKVTNKVYFDIS,0
VPCAWAGNVCGEKRAYCCS,0
KVDRIIDRIRERAEDSGNE,0
PLYDYKCQSKDCAKEYEKI,0
TERHTAKDIRKNAPKGENP,0
TKRTFGGTSRKRKRVSGFR,0
TSGNNINQPVTYPIFTVRW,0
FQLFRTKWFRSAPVVATIW,0
AGSNCGCGSGCKCGDSCSC,0
PMATTIEGADYTNIMPITV,0
SQAPMATTPRNYPIFTVRW,0
GYKCTRCKQKVEIDYEYTG,0
SQTPVATTPRNYPIFTVRW,0
VIFQLEYPLHHLVLFEVDA,0
QVLSSLKSAKNRHPDCQVV,0
KMNYHLSTSSYTTSMLSCT,0
EDVVRIVVEGEKVKMWDIL,0
TFQILFLFVFHFVYIFRAH,0
FDAFTLVVSQADTRGEMLS,0
KVLSSLKSAKSRHKDCQIV,0
LPTYRPNKRRRAKSIGFRA,0
IVAIMVMNAKGVSEVVGTL,0
DKEIHQFGKGHVLHQMLRI,0
ITAIIIAKLPEAYTVFRPL,0
ADSNCGCGSSCKCGDSCSC,0
AGSNCGCGSSCKCGDSCSC,0
PMATTIDGTDYTNIMPSTV,0
DLIERRQRSEFQFSAVGLG,0
KMFLFLNESYIFDRLRMWS,0
RIKIEDRKTKRLNFLNSWK,0
FFKQFDILDMMPTINSNNF,0
SKGFSNGTNIKRVRKSGFR,0
REIKGYEYQLYVYASDKLF,0
ATETATLVTTFLSRSLVSF,0
QKYVCNVCGYEYDPAEHDN,0
LKYIYMHLSHKYNHILFTY,0
AYKCARCKRTVEVDYEYAG,0
VYKCAHCKQTVEVDKDMKG,0
TQIFLIGRLPEAYAPFDPI,0
KRTYQPSKRRRSSEHGFLK,0
RNTPFVVKINIIFLKVVSN,0
REKVAKNAVESTFRFDITK,0
EKAMQLSHGIGYEEYGRRL,0
KGFGFISTENGQDVFAHFS,0
WIPWQDLSPVTLENLIESF,0
IFFFISNWFRSLVCCGFSR,0
MIPWQELSSETLDNLIESF,0
LINAVIEKDENGYFAFVPF,0
KRPMNAFMVWSQSRAGKIM,0
KRPMNAFMVWSQHERRKIM,0
SGFVAVEIPFTPRVLELSL,0
PAIVGPIAINSISGGVVNF,0
EIGIVKWFNNAKGFGFISA,0
KRPMNAFMVGSQIERRKIM,0
DTDVTNVEDIINEIDREKE,0
ENPHEQVQANILSRIIGNV,0
PIVIFRERGADLYAYIAKQ,0
RNTPFVVKINVIFLKVISN,0
ENQRRGILQGLNRSRTIST,0
YQCLRCGGIFNKRREVVEH,0
PIEHGIVSNWDDMEKIWHH,0
GLILTRMILNCGCGSSCKC,0
ERSHVKRLPQLGHNIFAWK,0
VEAVYRCFKCGREVKLDLS,0
VMAVYRCAKCGKEVELDLE,0
REKITLECTECKQRNYKSF,0
PTWLTTIFSVVIILGIFAW,0
RSRVISSGRISQYSKLRNL,0
RVKINLKCSSCDSINYLTS,0
RNKAKGFPNQVNHKFEGEP,0
RNKSRGFPNMNNNKFEGEP,0
CDWKGRDNCPAPARKTSCV,0
RDKVILECTECKSRNYTTK,0
SNETFEQNEPKPTKVEELQ,0
MFAGLPSLSHEQQQKAVERI,0
MELSLLLFLALLLGLLLLLF,0
TSAEVPATAQGVTHALEGTQ,0
SRLPPATRDKLADEITFFPA,0
KTGVNKPELLPKEETTVIDV,0
GYSSASKIIFGSGTRLSIRP,0
DFIGSSTNVIMVASTTLMLF,0
VATFTLPDLPYDYGALEPAV,0
AFELPALPYAKDALEPHISA,0
MVPYRNPRHQHVASVLRSGG,0
MNRLKEIFQKEITPALVSKF,0
TPQIQKPAPQFSKTALLPDE,0
ANNPGARKAIRKIEARTEVN,0
NLETPSQENLNFMLTEITTK,0
FSYNDKIIKILEAEYLNADH,0
PNSIFKKQLSPIKPGDPIDY,0
KKNIHPDYKLVIASCSCGNV,0
KKGIHPDYHMIDVKMTDGTV,0
SFRRKKFCAFDAKNLQEIDY,0
VRARRGVLLKCDPSIKALIV,0
KRDIHPEYVETQVSCTCGAS,0
IPQSVINFKIECCFFVKIED,0
ILDKTLFSSLTFSLTVLFLL,0
SLELLSQLETKIQATLENIE,0
PQTQELDQRIAELEMKIAFQ,0
TDQTSDVHMVRGHRPPKAEF,0
NTRWQQAGQKVKPGFKLAGK,0
MFPIRCFSCGNVIAEVFEEY,0
NNYMINPSIVDLLTKVDNRY,0
SDEADEAYSVTEQLTMTGIN,0
VTQSVEDSSRSGPRRTIVGD,0
KAGIHPDYHMIKVVMTDGTE,0
GSFSIWHWVIVLVVVVLIFG,0
PAMVGHIRIVNIGSSGIFHI,0
KANIHPDYHTIKVVMTDGTE,0
KADIHPDYHTIKVVMTDGTE,0
YKAKDLRDQSLEELEATHDE,0
SSFYTVVGVFIVVSAMSVLF,0
KADIHPDYHMIKVVMTDGTE,0
TKTLEDRIIKLEETVYFQEK,0
KADIHPDYHLIEVKMTDGTT,0
RITYPSIDKLLDEVDSRYSL,0
PPSFFKKRLSPIKPGDPIDY,0
KNIFMLTLFILIITSTIKAI,0
PAPCNCIETNVCICDTGCSG,0
KKDLHPEYHVINVKMTNGDV,0
KKDTHPDYHFITVQMNDGST,0
QIQQMLENRIEELEMKIAFQ,0
KAEIHPDYHNITVVMTDGTE,0
LSTSTLIGLTYAALAVLYLL,0
KANIHPNYHRITVVMTDGSQ,0
IKFSRRRLAKLANAQIDDRI,0
PQIDIHPEWYNDSKVYCDGK,0
KPEIHPVYPPSRVTCMCGNV,0
KPEIHPEYHEITVVMTDGSS,0
PEVSERRAEEALLVAHFVAC,0
PPICNSIENENNSFELTTTI,0
TCNHENPHFLFKIDSYSKTF,0
IIPWQQIDPTTLYNLIESFV,0
LKIASLKKKDMQTKESCILK,0
IEVIVNDRLGKKLRVKCLST,0
VHCYNSNFPKGMLLRFFVHF,0
LQSCYNFLKEQHCQKASTQK,0
KAGIHPEYHTIKVVMTDGTE,0
WFCIDLGADAFKEAGVLAGK,0
NNRKYSINNGFMSYLRKKFT,0
KANIHPNYHKITVVMTDGTQ,0
PKIYRIKGKIVGKDEPMVFT,0
ETQKLVSMVKEALDKYSYPL,0
KPNIHPDYHQIYVVMTDGTK,0
NNTSTMIEFTGKFWTYFTLV,0
KEHSFYQFALTVRGRKDSKG,0
EKNREIISKNNINVEVFLIR,0
TAIFNFESLLFVILLTICTC,0
KSINIQDQFLNQIRKENTFV,0
SAEPANGPTEDQVEILEYNF,0
PSPCNCIETQVCICGTGCSG,0
WFCIDLGADAFEEAGALAGK,0
SMELFEVHEGKAKVLVPKAK,0
KANIHPDYHKITVVMTDGSQ,0
PKICQITKKKSMLGQNRSHA,0
STGIWIMIVIIALLVGAVGG,0
PMPKIADARALSDEELSNEI,0
NPAAFLISLPIRFYRLVISP,0
KKDIHPEYHIIDVKMTDGTV,0
NQPVVETAELMRRVEQLVDA,0
KIITRGEAMRIHQQHPTSRL,0
GSFSIGHWLIVLAIIVLLFG,0
HKTFYTFLMTQRNPDSTDAI,0
KYQLNLTALRCPIPLLSAKK,0
NYAGHKKLRADVAEVANTMC,0
KKDIHPDYHFIDVKMTDGTV,0
SLILIRSVVRKLVFFTAAMI,0
NLETPSQENLDFMLAEITTK,0
CLPKNPHPPVTTYTSVRILS,0
KFTVRVKPNSKKIFFRKEED,0
ELFIPCPERLKKMMLKEELR,0
RMSFYQFLMTQRNPNSADEV,0
SMSHIYTVVRCPRCGKPVPW,0
KPSTNRMLTRIKSVYMFIQE,0
LLTNVIKSASGYPKHSLLKS,0
NLDQPSTENMKYILDTLAEE,0
NYPIVIYPCAEGGFVAEIPA,0
TAITPQEYMASLKEKYNLSA,0
ELFIPCPERLKKMMLQEELR,0
KIISKRRAMTIYRQHPESRI,0
KDHSFYHFALTARGRKDEKG,0
DFFATFFNHVMTSMPVVTKV,0
WFCIDLGADAFKEAGVLAEK,0
NLNEESRENVVFMIEEIKKK,0
TIINSLQSFLNFKKTNNINC,0
PKTFYEFLMTQRNPESYEPV,0
DVSLLLGKQTGRFSPLLLYG,0
KSAIHPDYHTIKVVMTDGTE,0
WERERKKFLEDIRKKSLQEL,0
GQASKVFGKQITYSVSPFQQ,0
KAGIHPEYHMIKVVMTDGTE,0
KADIHPAYHTIKVVMTDGTE,0
SYQQQQCKQPCQPPPVCPTP,0
RKPKKKVCVFCKDKVEYIDF,0
LLVFLGPVNSFMKGIRDVGF,0
MSKVIETKQQVVTEIADKLRA,0
LDEFRVYSDDANKYKISIPQD,0
MCLGVPIKLSKLMKILFNLPQ,0
VTVYDAEGTKVQVDGSLRLVE,0
NVCHGSDSVESANKEIDLWFK,0
MKAPSGAFLLGVYSMDTHILR,0
MKRISTTITTTITITTGNGAG,0
VTVYDAEGTKVQLDGSIRLVM,0
AMASSLLSGWGGPTTLLVAPM,0
VTVYDAEGTKVQIDGSLRVEL,0
MNRISTTTITTITITTGNGAG,0
APKDDTWYTGAKLGWSQYHDT,0
VTVYENEGTKVDFDGNLRLLL,0
GVTGFGFDLVRYLFAGVVDGR,0
DEMRNVSDEEAKEFHAMFSQA,0
GNEFRVCDDCQATNVKTLIPK,0
VKNYSFYQFIMTVRGRKDDKG,0
DLSVKSEENVEYMVEAIKEKL,0
KPNIHPEYVTTEVTCSCGNTF,0
KRQKRDQTERAFVKGYQAGIE,0
EKAEKYVKIGIDGYTYNLFKS,0
QSQRLRAHGVQHVDRVPRPEF,0
PKAGIHPRYEEARIVCGCGAI,0
KRDIHPEYVETQVSCTCGASF,0
SGGTTGERPFSDIVTSIRYWV,0
KSDIHPDYHFIKVVMTDGSEY,0
SAEETASDSTSAEIIEIVGKT,0
KSDIHPDYHFIKVVMTDGTEY,0
KADIHPNYKEIQVNCSCGNTF,0
KQDTHPDYHFITVVMTDGTTY,0
RYSIDDAFNYEEEFETEIQFL,0
LHDPNDDPSEYVIYVIDRGSS,0
GNEFRVCDDCQATNIKTLIPK,0
SVNGAVWGRVRSRFRAFPEHL,0
KPEIHPDYHTIKVVMTDGTEY,0
GNEFRMCDDCQATNVKTLIPK,0
PMIDVPDNNAFDVAMRRFKRA,0
SAEEGTGDSTTAEVIEVVGKT,0
RTHTGEKPFKCPECQKRFTRD,0
SHCVPERKRGRQTYTRYQTLE,0
RTHTGEKPFECPECHKRFTRD,0
SCCGGSCGCGSGCKCGSGCGG,0
SCSCGSSCGCGSNCNCGKMYP,0
SAEESEEGATPAEVIEVVGKT,0
GRDTIADIITSIRNVDMNRKG,0
DLSVKSEANVEYMVEAIKEKL,0
KIYDAVVKTTFQISTSIFFDY,0
SLVVQCPICQSSVPWTDDAKF,0
EVQVLEAGKIISPNEKVIVWR,0
GNEFRVCDDCQATNIKTLVPK,0
GNEFRVCDDCQATNVKTLVPK,0
THPKPDDRSDNVEKIQNTIDH,0
CCGPLGFCGPCSPCGGPCGPC,0
TSFGYRGKRVSPIPPKDKIDY,0
TVVSSKEVNKFQMAYSNLLRA,0
KTGIHPDYHMIKVQMTDGTVF,0
VECDYDPTEDATPAEVVEILG,0
KTATHPSYDEVRVQCACGNSF,0
KPEIHPKYTKVTVNCANCGTS,0
KPNSHPEYVTTEVACSCGNTF,0
NGPRYAHSNYGGNKGGPSNST,0
NNLRVKDDFDYEDIMDEESLM,0
RIKDAIIKIFYTRKDVSEIYL,0
KQIFIGIIRFYQKCISPLTPP,0
DLSVKSQENVEHMVEAIKEKL,0
NKYLFDHKIWSTPYYFYCEED,0
SATPHTQVHWEENTARPCRKC,0
EKGTVKWFNNAKGFGFICPEG,0
PFKIIASQCTSCSACEPLCPN,0
LVLSRKANESIMIGKDIEIKV,0
LVLTRKQSEAIQIGEDIEIEV,0
SKDIYYSDKYYDEQFEYRHVV,0
RWDRREARRARTAFTYEQLVA,0
GPNGCPRRRGRQTYTRFQTLE,0
DDIDYIDDINEDSINHMLSTL,0
PRYYEDKPEGGACAGVKEDLG,0
TSATATYAKTQDWGSCFEGKW,0
LVLSRKVNESIQIGPDIEIKV,0
RTHTGEKPFECSQCHKRFTRD,0
TIIESILSIATVQNNSNNNNN,0
TLFESLRSISSFSNEKNQKLN,0
TFHLGWTILWYNQAYLEVWAT,0
DTIDLGNNESLVYGVFPNQDG,0
PPVPARGRPSSSSDFCLYGMA,0
YSRGSFFKSRVTLPTLVGAYM,0
GQKWKLYIVKDGKVIRKNKFC,0
FDDLPPLSHQEQQRAVEEIQK,0
DIIDVDNDLFEHEQDGVAGTS,0
VAYWRQAGLSYIRYSQICAKA,0
MGWSLCFWHVSVRMTHDVVCYY,0
MRYISLNTTIITTTETTGYGAG,0
FKGGGPYGQGVTRGQDLSGKDF,0
EQLIELVGPWKTVYIVHFNGET,0
VVSQYHELVVQARLSEQELEFR,0
IVGGYECEAYSKPYQVSINLGY,0
KNWAVLVAGSDGLPNYRHHADV,0
ARTGFGVLKPAMQGYPGLVLPR,0
MSIADLKSRLIKASTSKMTAEL,0
QGYGFNEPEQTRNQGGSSWEAP,0
ITACLDPDGWKEPGPLPGISTK,0
ELPGLPKGEKEQQEAIEHIDEV,0
NAVQDAQDQLTKLIRCWEPIDS,0
VQECCSQSLYYEELHSYHIVPY,0
VEERKLYICMRCGRTFSRSEME,0
GTYMCDLCGWGYNPEVGDADGG,0
WRIWKVFDPRRILIATAIWLII,0
IRRPLFSFLTPTRIFDQSFGEH,0
PQIFPMNWFLMSLMIMMILIFM,0
VAYWRQAGLSYIRFSQICAKAV,0
PQMSPMMWFSLFIMFSMTMMLF,0
STQYTYEQIAEDFRLWGEYMDP,0
EQNWATLQGGEMTIQTTQASEA,0
DIDVSRNWFVSIDIRKLYLKTD,0
CYGYGCGCGSFCRLGYGCGYEG,0
IRNFRRRKFCRFTLEKINNIDY,0
ITREMIDRINFLYHKSQTEGLT,0
EQTFYQFLMTYRGKLEKDDNSE,0
PTQEAKAHHVGEWASLRNTSPE,0
LPTNINISHLKTNSIGTGSSLT,0
NFEEMMKELEEIVNRLENEDLP,0
PLPKISEARELSDEKLSDEIVA,0
VDVSQHELVPEHTVLDEETLDG,0
PRPKPDDRSDNVEKLQEMVQNT,0
NPSEMQRKGPPRRWCLQVYPTA,0
ETAVIGMVAVLFVITMAITCIL,0
ESTISLKVNKGKGKGSKGASSS,0
LNNNVVYLGYPGLPPNKLEGLM,0
PIVSKYTNQQFDDLMNDLITVL,0
STTEQTVCEIEQESELIPAKPQ,0
PIIGVPRCLEKPFCAPAKFPFS,0
DLFFEDSIIQELSLKFKISFEI,0
LIPHDQLEVDTLTRLIEDFVTR,0
LIPYDQLEPDTLTRLIEDFVTR,0
RLPAVTPGWPAIPPGATLGGFD,0
HAKIEIEIEEEKDGSLILKYNG,0
SASVRGNSKNPQSTSAITTLTD,0
LIPYEQLQAETLTRLIEDFVTR,0
LIPYDQLQAETLTRLIEDFVTR,0
SPQTETKASVGFKAGVKDYKLTY,0
RNKERNFPNQNNNKFEGEPRAKA,0
AlKRGVRLQCNESKSINYITTKN,0
TKYVCTVCGYVYDPEVGDPDNNI,0
QKWVCVPCGYEYDPADGDPENGI,0
RVCSFCHEEIEPGTGKMYVKRDG,0
LKFYLENVFHLIFFAKLPEAYAV,0
PFTASDICKIIFAVILPPLGVFL,0
FLSIPSTAYIIDAVPLEEAWESS,0
DSLSNYSNSLSSSGEISNKFAKI,0
FDDLPTLTHAEQQVAVEKIQKLM,0
HILTRSSKNAFPRSRSRQDIHIS,0
CATYMFNITVIITHPTPTLRTRG,0
GRQAEFWSESKNNSKIDGQPKAK,0
NQGKIWTVVPPAFGLPLMLGAVA,0
DNMSLTGLSDEEAKEFHSIFMQS,0
TRPWKCCDRAICTKSFPPMCRCM,0
HVPDDRPCINPGRCPLVPDATCT,0
NSESDNISIKTEYEFYDETQDQS,0
RDIIKLTCGNCGRANYHTTKNKR,0
QKYVCSVCGYVYDPADGEPDDPI,0
EIFIEVFSHFLLQLTELTLNMCL,0
PQMAPISWLLLFIVFSITFILFC,0
EQAAPAADDPEGMVKASCASCHG,0
NEDPFYYDYETVRNGGLIFAALA,0
EAAGGFQVHFHPSNGDGRFIETS,0
YSFVSEETGTLIVNSVLLFLAFV,0
ADDMVYQEAVAAEVIQINGRTGV,0
ANGTPAHELRELNAEELKTRLTE,0
LIMAEESTIGGFAAEVIDVIGNT,0
ADQSNNMIIEEVNKGLNPGTIVL,0
ATGTPAHEFRELDNAELENRLKD,0
TYFTSWDEFAKAAERLHSANPEK,0
TPVHFSFTSAFILGLMGLAFHRT,0
AIGTPAHEFRELNEEELVNRLNE,0
ATGTPAHELRELSAEELTTRLHE,0
YSFVSEETGTLIVNSVLLFFAFV,0
AIGTPAHEFRELNEEELVTRLNE,0
DGDIENQVELEEKTRLINQVLEL,0
PCSCSQSHCCSRYLCMGAMSLFL,0
DAIQIVMFVMAILCLIIGLLLSN,0
AEQPTFEQNLSQLETIVNQLEQG,0
VCIPCIVIPVLLWIYKKFLEPYI,0
VCIPCIVIPVLLWVYKKFLEPYI,0
VAFETVPVDLMKGEHKQPAYLAL,0
HATAHAVCVVLAAFGYWVAAPIS,0
AAEHNPNADIEALSYEEAREQLV,0
AGTGIIAIAAAIAAFTGIGAGIG,0
DAFTAMFPELFPIEEGLEDALVG,0
TDVESTYADFIASGRTGRRNALH,0
EHSSDESSESSKPCCDLCTCTKS,0
MINQVSVYRQPPVLSGCRQVKTI,0
MWTKPAYTDLRIGFEVTMYFANR,0
MWTKPSFTDLRLGFEVTLYFANR,0
MQRPRPPRPLSYSRSSEEAFLEA,0
MWTKPKFEEMRLGFEVTLYISNR,0
YMVIQGEPGAVIRLGDYLIDQGL,0
SIQVIVVTDGERGLIYPPLSNIR,0
VAIIIYSMYGHIAKYGNFPGQWK,0
MITVPHVVNLNLTGQWRENGGQI,0
NVQLDPFFQEQQQYYQQQQAFFL,0
MWTKPAYTDLRIGFEVTMYFASR,0
MSILPLVHAMANVRGDIEYLTEA,0
SIPASQKANLGNQMIMAVACYQN,0
MWTKPSYTDLRIGFEVTLYFANR,0
LPASVDWRKEGAVLPIRHQGQCG,0
RLKVIPEKLKDVKLVCTDVFGDN,0
PNIQTKIIEQIWKEHIFQGTVVK,0
DVNGGWSCATTVDAKFRPNGCTD,0
LWTRDYAGVYEAIRGFDWSQDAK,0
NEESDLIADKFTNYNKLIRPAKH,0
MTPPENKNLVQENKELIQEVLKA,0
TTPQEVLSRIKDQGIKLIDLKFI,0
ENIVIGHMEVVACADSRVSFNLV,0
RLSLYSCCLCIGARRIPTPCLFS,0
VFEDVFVFFYIGLKNKFLFFIFY,0
MHSNNSRQILIPHQNENMFLTELY,0
GVTSNPAIFQKAISTSNAYNDQFR,0
MNVSQIYARNGELFSGRICKQKRQ,0
MQWTKPAFTDLRIGFEVTMYFEAR,0
MKWETPTATDLRFGFEITMYVSAR,0
MAWTKPAYTDLRIGFEVTMYFASR,0
MMWTKPEVTEMRFGFEVTMYVCNR,0
MRWEKPSYNDMRFGFEVTMYIYNR,0
SGGKKIKVDKPLGLGGGLTVDIDA,0
MPGKVQDFFLCSLLLCIVSAGWCG,0
MPGKVQDFFLCSLLLRIVSAGWCD,0
MLVLYRKRFSGFRFYFLSIFKYII,0
MQWTTPSYTDLRFGFEITMYIANR,0
MSWTKPAYTDLRIGFEVTMYFASR,0
MTWTTPAYTELRLGFEITMYIANR,0
AEVYNKDGNKLDIYGKAVGLHYFS,0
MLKLHGFSVSNYYNMVKLALLEKG,0
MKKARRSPSRRKGARLWYVGGSQF,0
MTWSKPAYTDLRIGFEVTMYFASR,0
MNPCSSNCSCGASCTCSGCSSHKK,0
MNILHICVTSKWFNIDNKIVDHRP,0
THPSVLPFIKQLIGTMDSVRGLPR,0
MTLIKYKRKNIQFYKKIIANGYAK,0
MCDILLNVLNIVFIGIAIILVIIC,0
MNQKFEAVNAIDRNVTDVADANDR,0
MLYWLGILIAYADRRPDKVFTLIR,0
DEAVHDSYAFDKNQLIPVGARAE,0
MALNLQDKQAIVAEVSEVAKGALS,0
VGTRVVRIEDQQLITQGGTYVEDL,0
AFANTGVEIVSIDTYLFSLYDEDK,0
SHGKQETDEEFDARWVTYFNKSDI,0
MRITVNVDGTSYTDEVEPRTLLVH,0
VVNGKPTRTNVGRMVSLKYRNKHI,0
MKKAERGASPKQIKPHRYYLLAVH,0
SAKDVKFGDSARSMMIAGVNVIAD,0
SNGSNIDVAGAVNTLVETAGKLFQ,0
APKNIVLFGATGMTGQVTLGQALE,0
VGGLIAYDNIEISQIPVGDGVTLC,0
AVLDTALSGIDKVLHGSIDAHKAD,0
FENKVPEKQKLFQEDNGIPVHLKG,0
SEAENDLMNKLFTAYNPKVRPAEK,0
MNGRPSVFTSQDYLSDHLWRALNA,0
AKDVRFGADVRALMLQGVDVLADA,0
KDALEHTGFAPKKDGEEHVEWNYN,0
MNNTEFYDRLGVSKDASQDEIKKA,0
SPCTCSTCNCAGACNSCSCTSCSH,0
RRRRRRRRHRRRRGRRGRRSRGRR,0
AEEQSFSSTKFSTDQPNLILQGDA,0
LEEQSFSFTKFSTDQQNLILQAHY,0
LSAMLEDTENWLYEELSLTQDPVV,0
GVREADRIQHDRVRKKREISPYLP,0
QSLTLEQEFKLKVYKENLKKLTLK,0
DIVKIICAILLPPLGVFLQVGIGK,0
LYYALVFLVVALVAGALGFGGIAG,0
DRKKDEIQRKYREQMREKKEREKE,0
PQLNPGPWFAILVFSWLIFLTIIP,0
PQLDFTWWIINFFIIWTAILLTLV,0
ALENPKMHNSEISKRLGAEWKQLS,0
GSATVLEVILAIILPPVGVFLRYK,0
LYYALVFLIVAlIAGVLGFGGIAG,0
KLYISPPQTLEYLKFEYRHFPFKA,0
KGIKCLSITCFLSDNSIIRVVLIR,0
SPQTETKASVGFKAGVKDYKLTYY,0
LLEHVTITLLNNTSFALLPEAYAP,0
ARTDIRPIVKLRSTAGTGYTYTTR,0
AKWVCKICGYIYDEDAGDPDNGIS,0
HKTKSTRKIILVCEDCLSRNYSLN,0
ASKERQTILLACTECKNKNYYYAR,0
ASKKGNRIIIKLRSTESAHTYTTT,0
ARNEIRPLVKLRSTAGTGYTYITR,0
WTLKARKEHTGISGKPTARTDRHG,0
GMSFSHLLIVLLIIFVLFGAGKLP,0
STATFVEIILAIILPPLGVFLKFG,0
ASKKGNRIVIKLKSTESGHTYTTE,0
SSGQNSGGLMSSAGLVRYFDAEDR,0
AKIRPPKPKRMGRGAQRCQRCGTR,0
ARNEIRPAVKLRSTAGTGYTYITR,0
QYAIAGWPVAGCPSESLLERITRK,0
KKWECVVCGFIYDEAEGLPDEGIE,0
EFLNANFGASLIQSKHKTTKKHNL,0
VNNVVSIEKMKALWHSEVHDEQKW,0
AEYVNYVLGSLYVSDTATSTIPTD,0
KVIIIEGLQTDKCMNDCYHYLIKL,0
HTPIGVKPVAGSKEWREAWQKRAF,0
PMIKSPHGEGGCVCAPPATDWTPP,0
IVDFYSNTLRHCETLRSQPCSLFS,0
RLHKTFICFSQNKRGCRNILQENS,0
FPNSNGPNKMKALVAPSNSSTTSK,0
NKDMTLEEAKAKANEAMDLLLKIG,0
QLPATGTEHERTEKDTIIISNLRK,0
FSWALVFLIFALVAGVLGFTGLAG,0
LLLKSIRRHQDRSIVHLLRGPNLR,0
SFENFAIITLKENVFALLPEAYAP,0
SPQTETKASVGFKAGVKEYKLTYY,0
SPQTETKASVGFKAGVKDYKLNYY,0
KLLTHVCHYCSFSFFTRKFDVFGA,0
PSTKPPKERPYGKSKIRCLRCGTR,0
AKKENRIVITLACTECGDRNYTTT,0
SSGSNSGGLMSSAGLVRYFDSEDR,0
FELTILHTNDVHARVEIINVGSEK,0
LYYVLVFLVVALVAGALGFGGIAG,0
AGKRDKVRMISSAGTGHFYTTDKN,0
SNGTAVMGKINNKKTHIRCRRCGH,0
PRNEIRPLVKLRSTAGTGYTYITR,0
ATGDRVQVILECTEEPGTSRYHTT,0
FRRLTFAQLLFATVLGIAGGVYIF,0
FQISLDMISNKINLLGLLPEAYAP,0
TSYTLNEVVPLKDVVPEWVRIGFS,0
ALGPVMSQHTGIDQIGRKEGAIGV,0
SPKTETKASVGFKAGVKEYKLTYY,0
NWKTILIYLLIFVAGIVIGKIRIN,0
SFITLNNFFNTNTFFGLLPEQYAP,0
SFHLWMANLDAYMQETFGVGRRDI,0
SNGTAVMGKINNKKTHITCRRCGH,0
LDNALLGLTHEQQQEAVEKIQQLM,0
AKASARVIITMACTDCKNRNYSTY,0
EFHENRAKAPFIGLVQLWQAVRRW,0
KTFKEFIKEDMVAGDSGGNPENIS,0
LYYSIVFLLIALVAGLFGFVGIAG,0
ASAIRNFPYPCFWKFVSMANRPIK,0
HKNTHTKPDVNFYDKSGKTPLDWY,0
NTATETVQLTKFTQVLCSSGSLGI,0
AVSQLMQNLTKQLLHVRERKTDVM,0
TIIAPTTGSVSTVSSVFKYGSNSI,0
LIKSIISLNLISSSNNSNISKDDK,0
MENVMSWFNIDFEIKSDNNIDKTLL,0
IEHNAEEIRKTAIRTAVQNTAQQTK,0
MDSKAVLKGMLEKAYRIEAGFEKRG,0
GDCGCSGASSCTCASGQCTCSGCGK,0
MNRLLQRQLFLENLLVGVNSTFHQM,0
MENGKVHVASMSGLSMPHMNEMLEK,0
MKNPRVHEIATAMIDAVRKVLVDHQ,0
SNIEDRVRKIIIEQLGVDEAEVKNE,0
EGEQLQTAPYNPRFPQQNQTKHCWA,0
SIVEEKVKTIIAEQLGVKQEEVVNH,0
NNQYIRREVFCCGTCHELKSFWEKE,0
SDILERVRKIVIEHLDADPEKVTEK,0
RRCEEPQRRNRRDHHRDEPVRLGVG,0
LCQQMIRTTAKRSSNIMTRPIIMKR,0
SDIEQRVKQAVAEQLGIKAEEIKNE,0
RTDSSKMTDVESGVANFASSARAGR,0
SEAEIKDKVYDIIVSKMGVNKDQIK,0
TEAQIKEKVYDIIVSKMGVNKDQIK,0
TEAEIRDKVYDIIVSKMGVNKDQIK,0
AKDKDVRPIIKLKSTAGTGFTYVTR,0
LYRNGLCFGFLQLQGLEDEFIEHMR,0
STSRKLKSHGMRRGKNRAPHKGVKR,0
STSRKLKTHGMRRGKNRAPHKGVKR,0
FNIYLENAFYLNGITFAKLPEAYSI,0
LFKSLISLTTVEKSNNKITINSQES,0
ISEIQILIDYNASSLFILCSKLERI,0
PLDTWKSCCPQAVMYQSGDVYVISG,0
ITRKHIIKEIHLTTIMMICMRQLRM,0
VGQEQLESSPLCQHSDNETETKREC,0
STTAKIDFETGLFDEGQYEEAPDLP,0
YTRSSGLKTLKLDDLVQVVKLTRVD,0
STSRKLKSQGMRRGKNRTPHKGVKR,0
STSRKLKSHGMRRSKSRSPHKGVKR,0
STSRKLKSQGTRRGKNRTPHKGVKR,0
VSKSTIDPEVIEKIISSLETLDFGT,0
ESPKCLYSRITVNTAFGTKFSHISF,0
RLHGQAINRPGSCPRVMIYCPARHP,0
EFTTAMFGTSLIFTTSTQSKHNLVN,0
DANKVWPTGLTVAEAEELHTYVTNG,0
TSYTLNEVVPLKDVVPEWVRIGFSA,0
VVKSEDYARPSYVDRRDYPLPDVAH,0
DCCTESACSKPDDDILDIPLDDPGA,0
SEVLPYGDEKLSPYGDGGDVGQIFS,0
IIPWQEIDQETLNNLMESIVLREGT,0
DTASVIIDLTVSSLGGYNKCLNIKH,0
SEVVVKEQLEQYISKIERLEQEKAD,0
NPIVEFCLSNMAKGGDYVFNQLEND,0
SLENDSLEITYLGKRYKISLNNTFS,0
NIQETVLNILEDITGTDEVVNNQDI,0
SEIASRVKAIIVDKLGVEESEVTET,0
PRIYKVIGETTTGMKFKLEVLGEKP,0
SRVCDLSGTRANNGMAVSHSHIRTK,0
HEQLSPRDQELEARLVELETRLSFQ,0
SMFDKPFDYENGSKFEMGIWIGRQM,0
PRKPVRKVASTPRPNPLDQNGITYI,0
SRRCQVRGTKPEFGNNVSHSQRHTK,0
GGYVNIKTFTHPAGEGKEVKGMEVS,0
SRVCDLTGKRAMVGNNVSHAMNKTK,0
SRICDLTGKRAMVGNNVSHAMNKTK,0
SRVCELSGTRANNGMAVSHSHIRTK,0
TVGISAGELRESTEEELITKLRESK,0
PRIYKIVGDTTTGMKFRIEVVAEKP,0
THQKHHPDDRSDNVEKLQDMVQNTI,0
IIPWQQLDPETLDSIIESFVLREGT,0
PVIAIIAIVIIVIILNKTGVSDSLT,0
MIIIFIELCRIADSLSWIPKSLRRT,0
TIKDELNRILWTRRDLENYSVLIVD,0
YPHHSYLRGIPGPAGYPARSPFLFG,0
NPIVEFCISNMAKGGDYVYNKLDQD,0
SNKGQTLQDPFLNTLRKEHVPVSIY,0
SAHCMLTGARPGFGNRISHSHRRTS,0
VPNLMTDIEKLQVQVDELEMKQAFQ,0
REAKDGVLISVHVSPGSKEVSFSYD,0
DCCTENACSKPDDDILDIPLDDPGA,0
CIDACIYVNDDVVYSYKCKNVWRGK,0
QPKFNNQAKQDKLVLTGKILEIIHG,0
TLFSSITSISKTNTSSKSSVNSLSG,0
TNVWFATDVNLINCVLKDNLFLIDN,0
SCCGGSCNCGSSCKCGSGCGNMYPD,0
TVSTGIWILIVVIGVLVGLTGGFFG,0
HQNSVTLDSAGAITRYFAKANLHTQ,0
CDDSYDAVEEYYFNKSVAGISGQEN,0
MMISTFHDGQLRFSNVYRLTLMIFRL,0
MSGCGCASTGTCHCGKDCTCAGCPHK,0
MVYVMSMVSLLKRLLTVTRWKLQITG,0
MIAPIFAELAKTVGADKDGLPTLVAK,0
GTGITEEFEEVPVQSRGFGILDVGYR,0
MKFYTIKLPKFLGGIVRAMLGSFRKD,0
MAWKAPKIVEVPCGMEINMYVSATRK,0
RWAEIVCRSPSCNECCEWHTCFAPED,0
VTRFLGPRYRELVKNWVPTAYTWGAV,0
LIFLGGILVMFIYVSSLSANEKFAVD,0
PQRASIQQTADFLGVSTKTVRRYIAD,0
SERKNSKSRRNYLVKCSCPNCTQESE,0
FDHRILEILVCPLTKDKLQYNKDTNE,0
FSQSACVQVHIKTNELHTAVVEKVIL,0
IDHRILEILVCPLTKDKLQYNKDTNE,0
NSKIEEMRITLIETAQKYGMNSKETI,0
PDQAQKTRPVGPGPSGGGEGPGSPKV,0
IIPNLPFNLPFNLPFNLPFNLPSILP,0
GHQNIWYSHPRKYGKGSRSCKICGNK,0
HVIDVDVRLYMSTFIIIDQSTENTSI,0
FFGVGHAGRAQIYDKTSEKRLKHAFK,0
EIDRPVSLSGLTEGEAREFHGVFMTS,0
SHKQIYYSDKYDDEEFEYRHVMLPKD,0
SEISVTQTLNTLGLRCPEPVMLVRKN,0
SCSFHISSPLGSSSSLEGFSSLKVVV,0
THSVDAILDATGLNCPEPVMMLHNKV,0
TDIKIDQTLDTLGLRCPEPVMLTRKT,0
DIKSEVLKIIDELFMEDVSDMMDEDL,0
DTKQGVLDILNDLTGEDLSDQMDENI,0
SQEILEKVCSIVSEQLSVEAGEVKSD,0
EFPKAVIKRPNYHFEYPHKRKYKRIG,0
THPVDAILDATGLNCPEPVMMLHNKV,0
PTTISLIIFTFLSLGDSWNDFPSSNV,0
SNMMNKFAEKLQGNDDSHQKGKNAKS,0
LGSKGLSPTDLRGMTDGHLRVELKNA,0
SEISVTQTLDTLGLRCPEPVMLVRKN,0
SRVCELTGKRAMVGNNVSHAMNKTKR,0
GNIYTKDIKRIVKEIYNQYKDEIKDD,0
RQRGQEHLPTSVKSEPRACNNPTVAE,0
GNIYTKDIKRIVKEIYDRYKDEIKDD,0
NEIRVTQTLDTLGLRCPEPVMLVRKH,0
YIDITIDLKHYNGSVFDLRLSDYHPV,0
VEVLRFKDEKEYREWLSWQSGSVKDK,0
CGGPNKWYIFLIGLVNINNNNNNNNN,0
DVQQFFVVAVFFLIPIFCFREAWKGW,0
RMSEYFRILQGLPDGSFTREQAEAVA,0
VERSQHLQDVFLKTVRKQEISLTIFL,0
SCCGGNCGCGSSCKCGSGCGGCKMYP,0
ISFFPNKPMYHVQPHISFITPERTMK,0
ILDYINSRIKILWYTDPFLISREGVI,0
IMHTPIMMTTLISLTLPIFATLTNPY,0
DVKAEVIEIIDELFMEDVSDMMDEDL,0
DIKSEVIEIIDELFMEDVSDMMDEDL,0
MWGLNRWLTFTMLILLITSHCCYWNKR,0
MLFKKISKFVGWLSGSSVGSITSKTHE,0
AVPQSIDWRDYGAVNEVKNQNPCGSCW,0
MHAISLHSLAYRRFARNVSLSMLLLMR,0
MIIGAVEAGGTKFVDGVGNEKGEIFER,0
SIFVLPDLPYAKDALPKISAKTFDFGK,0
MSKGYVWVVDDDSSIRWVMEKTSPLPT,0
ARRRRRHASTKLKRRRRRRRHGKKSHK,0
MHPVLRQMRPQQQAPSQQQPQKALLAP,0
LQLSYRPRVMIMAVMFVFCINKGYDIY,0
MQLFHLCLVISCSCPTVQASKLCLGWL,0
MGKGDRRTRRGKIWRGTYGKYRPRKKK,0
AITAGALQPGRLSVHREPWGFSREQAV,0
MAPCSCKSCGTSCAGSCTSCSCGSCSH,0
MIKPDGVQRGLVGEIISRGDFAIDIGR,0
MKRISTTITTTITTTITITITTGNGAG,0
IEPERQEEEEEETRQRVRRGQVRQQQQ,0
VPPVYADLGKGARDLFSKGYNYGFSKL,0
TEQAAKPKGWFKRALEKYDNFIKEWGL,0
MKNGFAYKNGKLVNIFCGKEELYNELK,0
AEIRVKKNESLDSALRRFKRESAKSGV,0
LKWALVFFVISLIAGFFGFTGVASGAA,0
LFKSLQSITSVNSIQKNQISSISVGST,0
SEFTVTGTFESRDGNQPFEKTVEAPNE,0
SEFTVRGRFPARYGEQNFEKNVEAPNE,0
MNAFMVWSCGERRKLAQQNPSMQNTEI,0
SEFDAQRVAERIDIVLDILVAGDYHSA,0
MNAFMVWSCGERRKLAQQNPSMQNTQI,0
SGGFYNVECPDCENEQTVFGKASTEVA,0
SEYTVTGTFQARDGWQSFETEIEAPNE,0
TTVTQMKCACPHCLCIVSLNDAIMVDG,0
DPCCNDKCDCKEGECKTGCKCTSCRCP,0
ITPIGKNSNSNSNSNSNSNSNSNSNSN,0
SEFDAQRVAERIDIVLDILVADDYHSA,0
PSSKKKKENVPVMSMAGLIRYYEEEHE,0
TPLRPTRPCPECGKPSTREAYPFCSPR,0
GEMKYVCISCNAEIAPREKSTKFPCPN,0
SAKCPICAKPVDSAFRPFCSKRCADVD,0
MEKMKDVNWQEEIRKIIIERVRREAKK,0
FGDPKPYNPSSNDWKEEYEACKYWDRP,0
VFGTVKEVSVNFIESIFKTFKIVEEIS,0
TMAKSADIRPGITLACTECKERNYITT,0
EQEQDTPWTQSTEHINTRKRENGQQIQ,0
FSSRKRRVAKRAFNAKSKKFPIGEVVS,0
GTAVGPHHSPAPHDSALPARLLTSDFP,0
PHYVVVKSPMRRRRSPRRRSPRVCYSP,0
DDTLPKQMTPTDTSPLKEEQAHCNNKT,0
HCLTTAAGAPVARFSTVAGERGAADAE,0
GWEGPNSRVDDTFWASWRAFAQIGPAR,0
MRCYRCGESKEDNRFRPNQPYWNRWCL,0
AKTIAYDEEARRGLERGLNSLADAVKVT,0
MGEVFAGGFALLVVLFILLIIIGASWLY,0
MDPTVGWIALLAFFVVSIALVVWGRNGF,0
DLARNLGLVDIDDEYDEDSDKEKPIFNV,0
QSPKDAYPYDISELVKDAYPYDISELVK,0
MSHIVRFTGLLLLNAFIVRGRPVGGIQH,0
GVFCGELCIKASCSIPGCECIAGLCYKN,0
GVFCGEPCIKASCSIPGCECIAGLCYKN,0
GVFCGEACAQASCSIAGCECIAGLCYKN,0
MDVAEYAAHDATGLAELIREGQVSACEV,0
TTKPVPSGSPWYGPDRVKNRELEVIHSR,0
TRRTAFLFDELSLWHSASQYALILPVGG,0
MKLRKILKSMFNNYCKTFKDVPPGNMFR,0
DDNGKPYVLPSVRTCGFDFTGAVEDISK,0
MSQASSSPGEGPSSEAAAISEAEAASGS,0
MRVNKESLQMNTYISLHGWWRTSLLRAV,0
EASGETFVAENDACKCGSDCKCNPCTCK,0
PNYKLTYFNLRGRAEISRYLFAYAGIKY,0
DTQKDVQPPKQQPMIYICGECHTENEIK,0
RYYGSYYRGLGYGCGGFGGLGYGCGCGG,0
GLLESRVLALKTAVLNAIQDATRLFTGP,0
GLGDKIRNTAEKASGKVKEATGKATDNE,0
LKWALFFAVVAVIAGVLGFTGVAAGAAA,0
MSLAKMYDKEYFEGKTYKEGYKFEIFYP,0
QINKAIELLERAWSDYNNGDTVGAILKL,0
DISNQLTLEQEFELVLYKQKIDPLNLEQ,0
IKIFIGHYINVFYSTADITLKKQPLLFL,0
PSSKKKKETVPLASMAGLIRYYEEENEK,0
GGLQTTGYAENASFSQLSACFSSRLVRE,0
QAKNNKPSDDFYDSADMQELAGETPIGW,0
NWKVLEHFPLLLYILAAKTLILCLAFAG,0
DKVKFKKGDLVKVIAGKHKGTEGPIIRV,0
HLMYTLGPDGKRVYTLNKTTSDGEITKS,0
IYRKWSLLSSTILIWGGAATAGLAGVFL,0
FAGVLADADIKAALAGCAAAESFNYKTF,0
GPCCKDKCECAEGGCKTGCKCTSCRCAP,0
NMKMNKCPDCKIYTMEDACPQCGGELKV,0
TVSYSIYLENSLHFGDALLAKLPEAYAI,0
PDPCCIDKCECKEGGCKAGCKCTSCRCT,0
VNLLQIVRDHWVHVLVPMGFVIGCYLDK,0
TQLSQSNVERVALVYISVYFFSCISLIV,0
GQQVIIISKILKILNINRIYNKLLLNNL,0
VREPSIRGREGIPFWFAHDDFLMLYHKY,0
FELDAQRLAERIDTVLDILVAGDTHSAI,0
HDHGFLQVTLPSPLPCASQPRKLSHRNL,0
ITFSFKFAYVTPYSSIPLLHSFSIFYSS,0
TGSGTPPSREVNTYYMTMTMTMTMIMIM,0
MSGYGTSFALIVVLFILLIIVGTAFVGGY,0
MDYETDTDTELVTETLVEEVSIDGMCGVY,0
MKWAAPIVSEICVGMEVTSYESAEIDTFN,0
NVQLDPFFQEQQQYYPQQQAFFLLQQQQN,0
MDILTLGWVGLLGLFTYSIAMVVWGRHGM,0
MDILALGWVSVLALFTWSIAMVVWGRNGF,0
MDILSLGWAALMAMFTFSIAMVVWGRNGF,0
MDIITFGWVAVAAFFALSIAFVVWGRNGM,0
MDLLSLGWSSLMVMFSFSLALVVWGRNGF,0
MDIISLGWAGLMTMFTFSLALVVWARNGF,0
MDIISLGWSSLLVVFTFSLSLVVWGRNGF,0
MKNRVYESLTTVFSVLVVSSFLYIWFATY,0
MDILSLGWAALMTMFTFSLALTVWARNGF,0
MNEAKSLFTTFLILAFLLFLLYAFYEAAF,0
MDILTLGWVSVLVLFTWSISMVVWGRNGF,0
KSAAEVQNTQQAIIPAQEKANLGNQNIMA,0
MRSFDQGSTRAPARERCRRQRPEGRSAQR,0
MDILTLGWVSILALFTWSIAMVVWGRNGF,0
MDILSLGWAALMASFTFSLSLVVWGRNGF,0
MDILSLGWSALMVVFTFSLALVVWGRNGF,0
MKIKFSRGARFSATFSFDKYPFLLYEVVR,0
MMYLMPLLIVIVGCLALHCSDDDMPDGHA,0
TPNSYILQQFENPANPKLIVAIFPSFGER,0
LENRVAEKQKLFQEDNGLPVHLKGGATDN,0
FENKVPEKQKLFQEDNGIPVVLKGGVADA,0
MIFDGKVAIITGGGKAKSIGYGIAVAYAK,0
MSAGVITGVLLVFLLLGYLVYALINAEAF,0
MLIGEAVLAVVTVAVVAYLTYVMMYPTRF,0
MKHSEKNEIASHELPTTPLDPVLAAGRES,0
MKTKFVFDLLTPDDILHPSNHVNLIIRPI,0
KKTAKHFCPHCQKEVSWQDNPHRPFCSER,0
SDIEAQRIAARIDTVLDILVAGDYHSAIN,0
FAGLPSLSHEQQQKAVERIQELMSQGMSS,0
FAGLPSLTHEQQQKAVERIQELMAQGMSS,0
LTWALIFFIIAlIAAAFGFGGIAVAAAGI,0
GIIKFLKNVGKEMKKVTWPKGKELTRYTI,0
HFPLPWQLILILLVILVIFGASKLPEVGK,0
GQQHQFRPGQKAPNNGVYVEIGETGSMVK,0
IGNTLFDRRMLEALVCPVTQAGLAYDADR,0
LSWALIFFIIAlIAAAFGFGGIAVAAAGI,0
TESPQFDRRMLEALVCPVSQSGLSYDAER,0
TMLKLALFFLVVSLIAGLFGFTGISAASA,0
FAGLPSLTHEQQQKAVERIQELMSQGMSS,0
KEGTKEEMEGKFSKAKGEIKESAGEMTGD,0
SSIDYLVNNCDYKVSAFSLNDGQRSNSIQ,0
LKFAKFRRECVAEFRRVVWPARTQVHTAV,0
DVKRVKQILSSSSRIDVTYEGVPVWIESC,0
EMTDPLRREEKKESSPDPKEESGPSRPDV,0
PVIFNICLDDAFIHSNNPFFGKLPEAYAI,0
DVKRVKQILSSSSQIDVTYQGVPVWIESC,0
TRGNQRELARQKNMKKQSDSVKGKRRDDG,0
ETLRAKRIAEAGEVVPVMYEGKSVIIQHV,0
LNIFSLICLNSDLYSSRFFLAKLPEAYAF,0
LNIFSLICLNSALYPSSLFFAKLPEAYAF,0
LNIFSLIGLNSALYSSSCFFAKLPEAYAF,0
LNIFSLICLNSALYSSSFFFGKLPEAYAF,0
PGPCCNDKCVCQEGGCKAGCQCTSCRCSP,0
SCPKCGSGNIAKEKTMRGWSDDYVCCDCG,0
EEKYETNGYDTSIVYDYKEYPDVKYGRCD,0
SGTKDKAKGLANEAIGNVKQGVGKVTDNE,0
TGTTLFDRRMLEALVCPVTQAGLAYDADR,0
FAGLPSLIHEQQQKAVERIQELMAQGMSS,0
LSWALTFLVVAlIAAVLGFTAVAGTAIEI,0
LNIFSLICLNSALHSSSFFFAKLPEAYAF,0
RIMKFFKDVGKEMKKVSWPKGKELTRYTI,0
NIQRAKELSVSAEQANVSFQGMPVMIQHV,0
NQDQEEEKPTCYDLLKVKHDLNKYNENII,0
FSAMPALSHEEQQRAVEKIQQLMVEGMSS,0
RQLKGKPKKETSRDKKERKQAMQEARRQI,0
ILYSHLSTLIDIDLSNNIFLAKLPEAYAI,0
SEVRVRENETLDSALRRFKRQCAMSGIMS,0
MTDAQVFTILAIALVPAVMAALLGSALARS,0
AESKKGFLPVIDKKDGYTFLYPFGGQEVSI,0
ADLIQRRQRSEFQSDIKGILYTVIKKNPDL,0
MIDDSQIFVALLFALVSAVLAIRLGKELYQ,0
MITDSQVFIGLVIALVPAILAFKLGLSLYE,0
MIYDSQIYTVLCIALLAGILAIRLGSTLYE,0
MVELKFLIAFFLAFTAGILAIKLGQALYDC,0
ASEALVEIKPGEIGMVSGIPDEHLRRFVVI,0
MTDAQVFTILAIALVPAVMALLLGSALARS,0
APLEDEDDLELLEKVKRDRKKRLERQGAIN,0
MSELSAAPLRPGKTQESEKGIYYAREGCVS,0
MSISFPKMQHLIVMTTIGDKKVNNNIILFL,0
MTLSLINRSTACIQAVEQKYCRVPLPENNR,0
MLDIISLGWGSLLAIFSFSIALVVWGRNGF,0
MKNLRNRSFLTLLDFSRQEVEFLLTLSEDL,0
AFNLRNRNFLKLLDFTPREIQYMIDLAIDL,0
KKDLTEVTHKVYFDVEIDGKPAGRIVMGLF,0
GDDVKSACCDTCLCTKSNPPICRCVDIRET,0
MIYDSQVYTVLLIALLASVLAIRLGSTLYQ,0
MISDSQIFVALLFALVSAVLAIRLGTDLYQ,0
AYGEGANVFGKRKETDQFFEISGDGWSGKL,0
MITDSQIFFALCIALTAAVLAIGLGRQLYV,0
MPIIGVPRCLENPFCAPAKFPLSVKKKIRI,0
MPVCTSRSLQGGKVDTHFPLHVLHSVACDV,0
MHLSTLPNVPWPNRSFTTKRPPLPNMSFSW,0
MNPNCARCGKIVYPTEKVNCLDKFWHKACF,0
MERQNVQQQRGKDQRPQRPGASNPRRPNQR,0
MDRETEAETAELVTESLVEEVSIDGMCGVY,0
MPFSPDIAYSINYALGKYFFHRISHFLESA,0
YRRRRRRGRRGRRRRGRRRRSRGRRRAHGG,0
GDDVKSACCDTCLCTKSNPPTCRCVDVGET,0
MLHLIGFDKLYSYNMVKLALLEKGVPFTEV,0
SGSGVRSAKKGGKAQGGQAGVGYKGSTEPG,0
DAVSQVPMEVVLPKHILDIWVIVLIILATI,0
IMLILAPLVGVLGALLLAYGAWLIYPPAGF,0
DAISQSPVDVLLPKHILDIWAIVLIILATV,0
VVVDKEIKKGQYYLVNGNVVRVTYVNGFDV,0
SFMVSEEVTVKEGGPRMIVTGYSSGMVECR,0
ETLSIEIRLYMRRRAWSRRHFAHGTRAVEG,0
TYCHTDVSYFEIQHSCIFSLLSLVVERCTC,0
FAGLPSLTHEQQQQAVERIQELMSQGMSSG,0
SFLPSFILSDESKERISKILTLTHNVAHYG,0
FLGMPTLTHEEQQKAVEKIQHLMSEGMSSG,0
TILKSISSMGISNRKNSFSFVSTNSMIETN,0
LILTRRVGETLIIGDEITVTVLGVKGNQVR,0
NDYKLYQCAQCGFEYDEAVGWPEDGIEPGT,0
PFVRIDLFEGRTLEQKKALAKEVTEAVVRN,0
DSTLLEIVACPICHGRLALDQTSQKLVCHF,0
PERKTQPTTDQPWTKPNDGGDESGPRSPEV,0
GNPARKFSKARRDSRRAQTFKLSLPGMVEC,0
NTQRAKDISESAAMAYVTYEGVPIYIQHVN,0
LNTQRAQEIAASPIMANVTYQEVPIYIQHV,0
GNPARKTFRAKRDSRRAQTFKASLPGIVEC,0
KSDIRVCANWETTHDRPVYALGDRCPECDG,0
SQHLVPEAKNGLSKFKNEVANEMGVPFSDY,0
FARLIRYFQEARAELARVTWPTREQVVEGT,0
PIVCFDPPYELYLHWPLAGEVQSQYWGTGD,0
SQLKVTLIKSAAHRLPKQRTIVKELGLGRV,0
RFRIRKCPKCGRYTLKETCPVCGEKTKVAH,0
GEVTIKVSVPDNAEKAFRKAVEETAKFFNE,0
PTVNPQQLADRIDTVLDILVAGDYHSAIHN,0
EKKFLDILVCPVTKGRLEYHQDKQELWSRQ,0
SNLLKSALEKERRHYSEKLYQIGVYNKEVM,0
PVPKKKTSKARSRRRYAVWLGKAKLQAQRA,0
VEMRMKKCPKCGLYTLKEICPKCGEKTVIP,0
DKLKVTLIRSVIGRPQNQRDIVKGLGLGRV,0
RFRIRKCPKCGRYTLKEVCPVCGEKTKVAH,0
NNAKIWTVVKPSTGIPLILGAVAVAALIVH,0
KRTRTAYSRSQLFELEKEFHFDKYISRPRR,0
KSDIHVCAVWESEHDRPVYTLDDTCPECGA,0
INNEAFNLSLEQKFQLQCLQQEYQELDREQ,0
SSDCGNCDCADKSQCTKKGFQIDGIVETSY,0
LSNIGVPGLILILVIALVIFGPKKLPEIGR,0
PNPKRRHSKKRTSTRRAHDALKQPGLSECP,0
MKEVSFKAEEDLLVLLDRYAMKYKLNRSEA,0
IFMILTKFEKARIIGARALQIAMGAPVIID,0
KRQKRDKLQRAHTKGFNAALQGQSKENCPF,0
SLEDRAKATGKNIEGKAQEALGNVTGDPED,0
LIPLGQSAGQNILFTLAERIPEVVAQSAIW,0
PFVKIDLFEGRSQEQKNELAREVTEVVSRI,0
SILKTILSLGSNNKNLNNNFIINKNINNQN,0
LKWAIILAIVALIAGALGFSGLAGAAAGVA,0
NKLLKLFFITIIIYNNIAFAKETGFYMGAA,0
